NAME,REGION,LATITUDE,LONGITUDE,ELEVATION,TYPE,STATUS,LAST ERUPTION CODE
'UWAYRID,ARABIA-W,27.08,37.25,1900,VOLCANIC FIELD,ANTHROPOLOGY,D6
ABU,HONSHU-JAPAN,34.5,131.6,571,SHIELD VOLCANOES,HOLOCENE?,?
ACAMARACHI,CHILE-N,-23.3,-67.62,6046,STRATOVOLCANO,HOLOCENE?,?
ACATENANGO,GUATEMALA,14.501,-90.876,3976,STRATOVOLCANO,HISTORICAL,D1
ACIGOL-NEVSEHIR,TURKEY,38.57,34.52,1689,MAARS,HOLOCENE,U
ACOTANGO,CHILE-N,-18.37,-69.05,6052,STRATOVOLCANOES,HOLOCENE,U
ADAGDAK,ALEUTIAN IS,51.98,-176.6,645,STRATOVOLCANO,HOLOCENE,U
ADAMS,US-WASHINGTON,46.206,-121.49,3742,STRATOVOLCANO,TEPHROCHRONOLOGY,D6
ADATARA,HONSHU-JAPAN,37.62,140.28,1718,STRATOVOLCANOES,HISTORICAL,D1
ADWA,ETHIOPIA,10.07,40.84,1733,STRATOVOLCANO,HOLOCENE,U
AFDERA,ETHIOPIA,13.08,40.85,1295,STRATOVOLCANO,HOLOCENE?,?
AGMAGAN-KARADAG,ARMENIA,40.275,44.75,3560,VOLCANIC FIELD,HOLOCENE,U
AGRIGAN,MARIANA IS-C PACIFIC,18.77,145.67,965,STRATOVOLCANO,HISTORICAL,D2
AGUA,GUATEMALA,14.465,-90.743,3760,STRATOVOLCANO,HOLOCENE,U
AGUA DE PAU,AZORES,37.77,-25.47,947,STRATOVOLCANO,HISTORICAL,D5
AGUILERA,CHILE-S,-50.17,-73.83,0,STRATOVOLCANO ?,RADIOCARBON,D7
AGUNG,LESSER SUNDA IS,-8.342,115.508,3142,STRATOVOLCANO,HISTORICAL,D1
AHYI,MARIANA IS-C PACIFIC,20.42,145.03,-137,SUBMARINE VOLCANO,UNCERTAIN,U
AKADEMIA NAUK,KAMCHATKA,53.98,159.45,1180,STRATOVOLCANOES,HISTORICAL,D1
AKAGI,HONSHU-JAPAN,36.53,139.18,1828,STRATOVOLCANO,HISTORICAL,D6
AKAN,HOKKAIDO-JAPAN,43.38,144.02,1499,CALDERA,HISTORICAL,D1
AKHTANG,KAMCHATKA,55.43,158.65,1956,SHIELD VOLCANO,HOLOCENE,U
AKITA-KOMAGA-TAKE,HONSHU-JAPAN,39.75,140.8,1637,STRATOVOLCANOES,HISTORICAL,D1
AKITA-YAKE-YAMA,HONSHU-JAPAN,39.97,140.77,1366,COMPLEX VOLCANO,HISTORICAL,D1
AKUSEKI-JIMA,RYUKYU IS,29.45,129.6,586,STRATOVOLCANO,HOLOCENE,U
AKUTAN,ALEUTIAN IS,54.13,-165.97,1303,STRATOVOLCANO,HISTORICAL,D1
ALAID,KURIL IS,50.858,155.55,2339,STRATOVOLCANO,HISTORICAL,D1
ALAMAGAN,MARIANA IS-C PACIFIC,17.6,145.83,744,STRATOVOLCANO,RADIOCARBON,D6
ALAYTA,ETHIOPIA,12.88,40.57,1501,SHIELD VOLCANO,HISTORICAL,D2
ALBANO,ITALY,41.73,12.7,949,CALDERA,HOLOCENE?,?
ALCEDO,GALAPAGOS,-0.43,-91.12,1130,SHIELD VOLCANO,HISTORICAL,D1
ALE BAGU,ETHIOPIA,13.52,40.63,1031,STRATOVOLCANO,HOLOCENE,U
ALID,ETHIOPIA,14.88,39.92,904,STRATOVOLCANO,HOLOCENE,U
ALLIGATOR LAKE,CANADA,60.42,-135.42,2217,VOLCANIC FIELD,HOLOCENE,U
ALMOLONGA,GUATEMALA,14.82,-91.48,3197,STRATOVOLCANO,HISTORICAL,D3
ALNEY-CHASHAKONDZHA,KAMCHATKA,56.7,159.65,2598,STRATOVOLCANO,HOLOCENE,U
ALNGEY,KAMCHATKA,57.7,160.4,1853,STRATOVOLCANO,HOLOCENE,U
ALU,ETHIOPIA,13.82,40.55,429,FISSURE VENTS,HOLOCENE,U
ALUCHIN GROUP,RUSSIA-NE,66.12,165.63,1000,PYROCLASTIC CONES,HOLOCENE,U
ALUTU,ETHIOPIA,7.77,38.78,2335,STRATOVOLCANO,HOLOCENE,U
AMAK,ALEUTIAN IS,55.42,-163.15,513,STRATOVOLCANO,HISTORICAL,D4
AMASING,HALMAHERA-INDONESIA,-0.55,127.5,1030,STRATOVOLCANOES,HOLOCENE,U
AMBALATUNGAN GROUP,LUZON-PHILIPPINES,17.32,121.1,2329,COMPOUND VOLCANO,FUMAROLIC,U
AMBANG,SULAWESI-INDONESIA,0.75,124.42,1795,COMPLEX VOLCANO,HISTORICAL,D3
AMBITLE,NEW IRELAND-SW PACIF,-4.08,153.65,450,STRATOVOLCANO,RADIOCARBON,D7
AMBOY,US-CALIFORNIA,34.55,-115.78,288,CINDER CONE,HOLOCENE,U
AMBRE-BOBAOMBY,MADAGASCAR,-12.48,49.1,1475,VOLCANIC FIELD,HOLOCENE,U
AMBRYM,VANUATU-SW PACIFIC,-16.25,168.12,1334,PYROCLASTIC SHIELD,HISTORICAL,D1
AMIATA,ITALY,42.9,11.63,1738,LAVA DOMES,PLEISTOCENE-FUMAROLIC,Q
AMORONG,LUZON-PHILIPPINES,15.828,120.805,376,UNKNOWN,FUMAROLIC,U
AMSTERDAM ISLAND,INDIAN O-S,-37.83,77.52,881,STRATOVOLCANO,HOLOCENE,U
AMUKTA,ALEUTIAN IS,52.5,-171.25,1066,STRATOVOLCANO,HISTORICAL,D1
ANALLAJSI,BOLIVIA,-17.92,-68.92,5750,STRATOVOLCANO,HOLOCENE?,?
ANATAHAN,MARIANA IS-C PACIFIC,16.35,145.67,788,STRATOVOLCANO,HOLOCENE,U
ANAUN,KAMCHATKA,56.32,158.83,1828,STRATOVOLCANO,HOLOCENE,U
ANDAHUA VALLEY,PERU,-15.42,-72.33,4713,CINDER CONES,HOLOCENE,U
ANDRUS,ANTARCTICA,-75.8,-132.33,2978,SHIELD VOLCANOES,HOLOCENE?,?
ANEITYUM,VANUATU-SW PACIFIC,-20.2,169.83,852,STRATOVOLCANOES,HOLOCENE?,?
ANIAKCHAK,ALASKA PENINSULA,56.88,-158.17,1341,CALDERA,HISTORICAL,D2
ANJUISKY,RUSSIA-NE,67.17,165.2,1050,PYROCLASTIC CONES,TEPHROCHRONOLOGY,D5
ANKAIZINA FIELD,MADAGASCAR,-14.3,48.67,2878,CINDER CONES,HOLOCENE,U
ANKARATRA FIELD,MADAGASCAR,-19.4,47.2,2644,CINDER CONES,HOLOCENE,U
ANTILLANCA GROUP,CHILE-C,-40.771,-72.153,1990,STRATOVOLCANOES,HOLOCENE,U
ANTIPODES ISLAND,PACIFIC-S,-49.68,178.77,402,PYROCLASTIC CONES,HOLOCENE?,?
ANTISANA,ECUADOR,-0.481,-78.141,5753,STRATOVOLCANO,HISTORICAL,D3
ANTOFAGASTA DE LA SIERRA,ARGENTINA,-26.08,-67.5,4000,SCORIA CONES,HOLOCENE,U
ANTOFALLA,ARGENTINA,-25.53,-68.0,6100,STRATOVOLCANO,HOLOCENE,U
ANTUCO,CHILE-C,-37.406,-71.349,2979,STRATOVOLCANO,HISTORICAL,D3
AOBA,VANUATU-SW PACIFIC,-15.4,167.83,1496,SHIELD VOLCANO,HISTORICAL,D1
AOGA-SHIMA,IZU IS-JAPAN,32.45,139.77,423,STRATOVOLCANO,HISTORICAL,D4
APANECA RANGE,EL SALVADOR,13.891,-89.786,2036,STRATOVOLCANOES,HOLOCENE,U
APASTEPEQUE FIELD,EL SALVADOR,13.72,-88.77,700,VOLCANIC FIELD,HOLOCENE,U
APO,MINDANAO-PHILIPPINES,6.987,125.273,2954,STRATOVOLCANO,FUMAROLIC,U
APOYEQUE,NICARAGUA,12.242,-86.342,518,PYROCLASTIC SHIELD,RADIOCARBON,D7
ARACAR,ARGENTINA,-24.27,-67.77,6082,STRATOVOLCANO,HISTORICAL,D1
ARAGATS,ARMENIA,40.55,44.12,4090,STRATOVOLCANO,HOLOCENE,U
ARAMUACA,EL SALVADOR,13.428,-88.105,180,MAAR,HOLOCENE,U
ARARAT,TURKEY,39.7,44.28,5165,STRATOVOLCANO,HOLOCENE,U
ARAYAT,LUZON-PHILIPPINES,15.2,120.742,1026,STRATOVOLCANO,HOLOCENE,U
ARDOUKOBA,DJIBOUTI,11.58,42.47,298,FISSURE VENTS,HISTORICAL,D1
ARENAL,COSTA RICA,10.463,-84.703,1657,STRATOVOLCANO,HISTORICAL,D1
ARHAB,ARABIA-S,15.63,44.08,3100,VOLCANIC FIELD,HISTORICAL,D6
ARINTICA,CHILE-N,-18.73,-69.05,5597,STRATOVOLCANOES,HOLOCENE,U
ARJUNO-WELIRANG,JAVA,-7.725,112.58,3339,STRATOVOLCANO,HISTORICAL,D2
ASACHA,KAMCHATKA,52.355,157.827,1910,COMPLEX VOLCANO,HOLOCENE,U
ASAMA,HONSHU-JAPAN,36.4,138.53,2560,COMPLEX VOLCANO,HISTORICAL,D1
ASAVYO,ETHIOPIA,13.07,41.6,1200,SHIELD VOLCANO,HOLOCENE,U
ASCENSION,ATLANTIC-S,-7.95,-14.37,858,STRATOVOLCANO,HOLOCENE,U
ASKJA,ICELAND-NE,65.03,-16.75,1516,STRATOVOLCANO,HISTORICAL,D2
ASMARA,ETHIOPIA,11.27,41.52,500,PYROCLASTIC CONE,HOLOCENE,U
ASO,KYUSHU-JAPAN,32.88,131.1,1592,CALDERA,HISTORICAL,D1
ASSAB VOLC FIELD,ETHIOPIA,12.95,42.43,987,VOLCANIC FIELD,HOLOCENE,U
ASUNCION,MARIANA IS-C PACIFIC,19.67,145.4,857,STRATOVOLCANO,HISTORICAL,D2
ATACAZO,ECUADOR,-0.353,-78.617,4463,STRATOVOLCANO,RADIOCARBON,D7
ATITLAN,GUATEMALA,14.583,-91.186,3535,STRATOVOLCANO,HISTORICAL,D3
ATKA,ALEUTIAN IS,52.38,-174.15,1533,STRATOVOLCANOES,HISTORICAL,D1
ATLASOVA,KAMCHATKA,57.97,160.65,1764,SHIELD VOLCANOES,HOLOCENE,U
ATLIXCOS,MEXICO,19.809,-96.526,800,SHIELD VOLCANO,HOLOCENE,U
ATSONUPURI,KURIL IS,44.804,147.13,1205,STRATOVOLCANO,HISTORICAL,D2
AUCANQUILCHA,CHILE-N,-21.22,-68.47,6176,STRATOVOLCANO,HOLOCENE,U
AUCKLAND FIELD,NEW ZEALAND,-36.9,174.87,260,VOLCANIC FIELD,RADIOCARBON,D6
AUGUSTINE,ALASKA-SW,59.37,-153.42,1252,LAVA DOMES,HISTORICAL,D1
AVACHINSKY,KAMCHATKA,53.255,158.83,2741,STRATOVOLCANO,HISTORICAL,D1
AWU,SANGIHE IS-INDONESIA,3.67,125.5,1320,STRATOVOLCANO,HISTORICAL,D1
AXIAL SEAMOUNT,PACIFIC-NE,45.95,-130.0,-1500,SUBMARINE VOLCANO,HISTORICAL,D1
AYELU,ETHIOPIA,10.082,40.702,2145,STRATOVOLCANO,HOLOCENE,U
AZUFRAL,COLOMBIA,1.08,-77.68,4070,STRATOVOLCANO,RADIOCARBON,D7
AZUFRE,CHILE-N,-21.78,-68.23,5846,STRATOVOLCANO,HOLOCENE,U
AZUL,GALAPAGOS,-0.9,-91.42,1690,SHIELD VOLCANO,HISTORICAL,D1
AZUL,CHILE-C,-35.653,-70.761,3788,STRATOVOLCANO,HISTORICAL,D1
AZUL,NICARAGUA,12.53,-83.87,201,CINDER CONES,HOLOCENE,U
AZUMA,HONSHU-JAPAN,37.73,140.25,2024,STRATOVOLCANOES,HISTORICAL,D1
BABUYAN CLARO,LUZON-N OF,19.523,121.94,1180,STRATOVOLCANOES,HISTORICAL,D2
BACHELOR,US-OREGON,43.979,-121.688,2763,STRATOVOLCANO,TEPHROCHRONOLOGY,D7
BAGANA,BOUGAINVILLE-SW PACI,-6.14,155.195,1750,LAVA CONE,HISTORICAL,D1
BAITOUSHAN,CHINA-E,41.98,128.08,2744,STRATOVOLCANO,HISTORICAL,D4
BAKENIN,KAMCHATKA,53.905,158.07,2278,STRATOVOLCANO,TEPHROCHRONOLOGY,D7
BAKER,US-WASHINGTON,48.786,-121.82,3285,STRATOVOLCANO,HISTORICAL,D3
BAL HAF,ARABIA-S,14.05,48.33,233,VOLCANIC FIELD,HOLOCENE,U
BALAGAN-TAS,RUSSIA-NE,66.43,143.73,993,CINDER CONE,HISTORICAL,D4
BALATOCAN,MINDANAO-PHILIPPINES,8.8,124.92,2450,COMPOUND VOLCANO,FUMAROLIC,U
BALBI,BOUGAINVILLE-SW PACI,-5.83,154.98,2715,STRATOVOLCANO,HOLOCENE,U
BALD KNOLL,US-UTAH,37.328,-112.408,2135,CINDER CONES,HOLOCENE?,?
BALUAN,ADMIRALTY IS-SW PACI,-2.57,147.28,254,STRATOVOLCANO,HOLOCENE?,U
BALURAN,JAVA,-7.85,114.37,1247,STRATOVOLCANO,HOLOCENE?,?
BALUT,MINDANAO-PHILIPPINES,5.4,125.375,852,STRATOVOLCANO,HOLOCENE,U
BAM,NEW GUINEA-NE OF,-3.6,144.85,685,STRATOVOLCANO,HISTORICAL,D2
BAMUS,NEW BRITAIN-SW PAC,-5.2,151.23,2248,STRATOVOLCANO,ANTHROPOLOGY,D3
BANAHAO,LUZON-PHILIPPINES,14.07,121.48,2158,COMPLEX VOLCANO,HOLOCENE,U
BANDA API,BANDA SEA,-4.525,129.871,640,CALDERA,HISTORICAL,D1
BANDAI,HONSHU-JAPAN,37.6,140.08,1819,STRATOVOLCANO,HISTORICAL,D3
BANUA WUHU,SANGIHE IS-INDONESIA,3.138,125.491,-5,SUBMARINE VOLCANO,HISTORICAL,D2
BARANSKY,KURIL IS,45.1,148.02,1132,STRATOVOLCANO,HISTORICAL,D2
BARCENA,MEXICO-IS,19.3,-110.82,332,CINDER CONES,HISTORICAL,D2
BARDARBUNGA,ICELAND-NE,64.63,-17.53,2000,STRATOVOLCANO,HISTORICAL,D2
BARKHATNAYA SOPKA,KAMCHATKA,52.823,158.27,870,LAVA DOMES,TEPHROCHRONOLOGY,D7
BARREN ISLAND,ANDAMAN IS-INDIAN O,12.292,93.875,354,STRATOVOLCANO,HISTORICAL,D1
BARRIER,AFRICA-E,2.32,36.57,1032,SHIELD VOLCANO,HISTORICAL,D2
BARU,PANAMA,8.8,-82.558,3477,COMPLEX VOLCANO,HISTORICAL,D5
BARVA,COSTA RICA,10.135,-84.1,2906,COMPLEX VOLCANO,TEPHROCHRONOLOGY,D7
BAS DONG NAI,SE ASIA,10.8,107.2,392,VOLCANIC FIELD,HOLOCENE?,?
BATUR,LESSER SUNDA IS,-8.242,115.375,1717,CALDERA,HISTORICAL,D1
BAYO,CHILE-N,-25.42,-68.58,5401,COMPLEX VOLCANO,HOLOCENE,U
BAYONNAISE ROCKS,IZU IS-JAPAN,31.92,139.92,10,SUBMARINE VOLCANO,HISTORICAL,D1
BAYUDA VOLC FIELD,AFRICA-N,18.33,32.75,0,CINDER CONES,RADIOCARBON,D6
BAZMAN,IRAN,28.07,60.0,3490,STRATOVOLCANO,FUMAROLIC,U
BEHM CANAL-RUDYERD BAY,ALASKA-SE,55.32,-131.05,500,CINDER CONES,HOLOCENE?,?
BELENKAYA,KAMCHATKA,51.75,157.27,892,STRATOVOLCANO,HOLOCENE,U
BELIRANG-BERITI,SUMATRA,-2.82,102.18,1958,COMPOUND VOLCANO,FUMAROLIC,U
BELKNAP,US-OREGON,44.285,-121.841,2095,SHIELD VOLCANOES,RADIOCARBON,D6
BELY,KAMCHATKA,57.88,160.53,2080,SHIELD VOLCANOES,HOLOCENE,U
BERLIN,ANTARCTICA,-76.05,-136.0,3478,SHIELD VOLCANOES,FUMAROLIC,U
BERU,ETHIOPIA,8.95,39.75,1100,VOLCANIC FIELD,HOLOCENE,U
BERUTARUBE,KURIL IS,44.47,146.93,1220,STRATOVOLCANO,HOLOCENE,U
BESAR,SUMATRA,-4.43,103.67,1899,STRATOVOLCANO ?,HISTORICAL,D2
BEZYMIANNY,KAMCHATKA,55.978,160.587,2882,STRATOVOLCANO,HISTORICAL,D1
BIBINOI,HALMAHERA-INDONESIA,-0.78,127.72,900,STRATOVOLCANOES,HOLOCENE,U
BIG CAVE,US-CALIFORNIA,40.955,-121.365,1259,SHIELD VOLCANO,HOLOCENE?,?
BILATE RIVER FIELD,ETHIOPIA,7.07,38.1,1700,MAARS,HOLOCENE,U
BILIRAN,PHILIPPINES-C,11.523,124.534,1187,COMPOUND VOLCANO,HISTORICAL,D2
BILLY MITCHELL,BOUGAINVILLE-SW PACI,-6.092,155.225,1544,PYROCLASTIC SHIELD,RADIOCARBON,D5
BIR BORHUT,ARABIA-S,15.55,50.63,0,VOLCANIC FIELD,HOLOCENE?,?
BISHOFTU VOLC FIELD,ETHIOPIA,8.78,38.98,1850,FISSURE VENTS,HOLOCENE,U
BIU PLATEAU,AFRICA-W,10.75,12.0,0,VOLCANIC FIELD,HOLOCENE?,?
BLACK PEAK,ALASKA PENINSULA,56.53,-158.8,1032,STRATOVOLCANO,RADIOCARBON,D7
BLACK ROCK DESERT,US-UTAH,38.97,-112.5,1800,VOLCANIC FIELD,RADIOCARBON,D6
BLANCA,CHILE-C,-36.286,-71.009,2268,STRATOVOLCANO,HOLOCENE,U
BLIZNETS,KAMCHATKA,56.97,159.78,1244,STRATOVOLCANO,HOLOCENE,U
BLUE LAKE CRATER,US-OREGON,44.42,-121.77,1230,MAAR,RADIOCARBON,D7
BLUP BLUP,NEW GUINEA-NE OF,-3.508,144.62,402,STRATOVOLCANO,HOLOCENE,U
BOBROF,ALEUTIAN IS,51.9,-177.43,738,STRATOVOLCANO,HOLOCENE?,?
BOGATYR RIDGE,KURIL IS,44.83,147.37,1634,STRATOVOLCANO,HOLOCENE,U
BOGOSLOF,ALEUTIAN IS,53.93,-168.03,101,SUBMARINE VOLCANO,HISTORICAL,D1
BOINA,DJIBOUTI,11.25,41.83,300,FUMAROLE FIELD,PLEISTOCENE-FUMAROLIC,Q
BOISA,NEW GUINEA-NE OF,-3.994,144.963,240,STRATOVOLCANO,HOLOCENE?,U
BOLA,NEW BRITAIN-SW PAC,-5.15,150.03,1155,STRATOVOLCANO,HOLOCENE,U
BOLSHE-BANNAYA,KAMCHATKA,52.9,157.78,1200,LAVA DOMES,HOLOCENE,U
BOLSHOI PAYALPAN,KAMCHATKA,55.88,157.78,1906,SHIELD VOLCANOES,HOLOCENE,U
BOLSHOI SEMIACHIK,KAMCHATKA,54.32,160.02,1720,STRATOVOLCANOES,RADIOCARBON,D7
BOLSHOI-KEKUKNAYSKY,KAMCHATKA,56.47,157.8,1401,SHIELD VOLCANOES,HOLOCENE,U
BOMBALAI,BORNEO,4.4,117.88,531,PYROCLASTIC CONE,HOLOCENE?,?
BONA-CHURCHILL,ALASKA-E,61.38,-141.75,5005,STRATOVOLCANOES,RADIOCARBON,D6
BORA-BERICCIO COMPLEX,ETHIOPIA,8.27,39.03,2285,PUMICE CONES,HOLOCENE,U
BORALE ALE,ETHIOPIA,13.725,40.6,668,STRATOVOLCANO,HOLOCENE,U
BORAWLI,ETHIOPIA,13.3,40.98,812,STRATOVOLCANO,HOLOCENE,U
BORAWLI COMPLEX,ETHIOPIA,11.63,41.45,875,LAVA DOMES,HOLOCENE,U
BOSET-BERICHA,ETHIOPIA,8.558,39.475,2447,STRATOVOLCANOES,HOLOCENE,U
BOUVET,ATLANTIC-S,-54.42,3.35,780,SHIELD VOLCANO,MAGNETISM,D7
BRATAN,LESSER SUNDA IS,-8.28,115.13,2276,CALDERA,HOLOCENE,U
BRAVA,CAPE VERDE IS,14.85,-24.72,900,STRATOVOLCANO,HOLOCENE,U
BRAVO,COLOMBIA,5.092,-75.3,4000,STRATOVOLCANO,RADIOCARBON,D4
BRENNISTEINSFJOLL,ICELAND-SW,63.92,-21.83,626,CRATER ROWS,HISTORICAL,D6
BRIDGE RIVER CONES,CANADA,50.8,-123.4,2500,VOLCANIC FIELD,HOLOCENE,U
BRIDGEMAN ISLAND,ANTARCTICA,-62.05,-56.75,240,STRATOVOLCANO,UNCERTAIN,?
BRIMSTONE ISLAND,KERMADEC IS,-30.23,-178.92,-2000,SUBMARINE VOLCANO ?,UNCERTAIN,?
BRISTOL ISLAND,ANTARCTICA,-59.03,-26.58,1100,STRATOVOLCANO,HISTORICAL,D2
BRUSHY BUTTE,US-CALIFORNIA,41.178,-121.443,1174,SHIELD VOLCANO,HOLOCENE?,?
BUCKLE ISLAND,ANTARCTICA,-66.8,163.25,1239,STRATOVOLCANO,HISTORICAL,D3
BUD DAJO,SULU IS-PHILIPPINES,5.95,121.07,440,PYROCLASTIC CONES,HISTORICAL,D3
BUFUMBIRA,AFRICA-C,-1.23,29.72,2440,CINDER CONES,HOLOCENE?,?
BULDIR,ALEUTIAN IS,52.37,175.98,656,STRATOVOLCANO,HOLOCENE,U
BULUSAN,LUZON-PHILIPPINES,12.77,124.05,1565,STRATOVOLCANO,HISTORICAL,D1
BUNYARUGURU FIELD,AFRICA-C,-0.2,30.08,1554,EXPLOSION CRATERS,HOLOCENE,U
BURNEY,CHILE-S,-52.33,-73.4,1758,STRATOVOLCANO,HISTORICAL,D2
BUS-OBO,MONGOLIA,47.12,109.08,1162,CINDER CONE,HOLOCENE?,?
BUTAJIRI-SILTI FIELD,ETHIOPIA,8.05,38.35,2281,FISSURE VENTS,HOLOCENE,U
BUZZARD CREEK,ALASKA-E,64.07,-148.42,830,TUFF RINGS,RADIOCARBON,D7
CABALIAN,PHILIPPINES-C,10.287,125.22,945,STRATOVOLCANO,HOLOCENE,U
CABURGA,CHILE-C,-39.2,-71.83,995,CINDER CONES,TEPHROCHRONOLOGY,D7
CAGUA,LUZON-PHILIPPINES,18.222,122.123,1133,STRATOVOLCANO,HOLOCENE,U
CALABOZOS,CHILE-C,-35.558,-70.496,3508,CALDERA,HOLOCENE,U
CALAYO,MINDANAO-PHILIPPINES,7.877,125.068,646,TUFF CONE,HISTORICAL,D3
CALBUCO,CHILE-S,-41.326,-72.614,2003,STRATOVOLCANO,HISTORICAL,D2
CALLAQUI,CHILE-C,-37.92,-71.45,3164,STRATOVOLCANO,HISTORICAL,D1
CAMEROON,AFRICA-W,4.203,9.17,4095,STRATOVOLCANO,HISTORICAL,D1
CAMIGUIN DE BABUYANES,LUZON-N OF,18.83,121.86,712,STRATOVOLCANO,HISTORICAL,D3
CAMPI FLEGREI,ITALY,40.827,14.139,458,CALDERA,HISTORICAL,D5
CAMPI FLEGREI MAR SICILIA,ITALY,37.1,12.7,-8,SUBMARINE VOLCANOES,HISTORICAL,D3
CANDLEMAS ISLAND,ANTARCTICA,-57.08,-26.67,550,STRATOVOLCANO,HISTORICAL,D2
CANLAON,PHILIPPINES-C,10.412,123.132,2435,STRATOVOLCANO,HISTORICAL,D1
CARLISLE,ALEUTIAN IS,52.9,-170.05,1620,STRATOVOLCANO,HISTORICAL,D3
CARRAN-LOS VENADOS,CHILE-C,-40.35,-72.07,1114,PYROCLASTIC CONES,HISTORICAL,D1
CARRIZOZO,US-NEW MEXICO,33.78,-105.93,1731,CINDER CONE,HOLOCENE,U
CASIRI,PERU,-17.47,-69.82,5650,STRATOVOLCANO,HOLOCENE,U
CAYAMBE,ECUADOR,0.029,-77.986,5790,COMPOUND VOLCANO,HISTORICAL,D4
CAYUTE-LA VIGUERIA,CHILE-S,-41.25,-72.27,506,PYROCLASTIC CONES,HOLOCENE,U
CEBORUCO,MEXICO,21.125,-104.508,2280,STRATOVOLCANO,HISTORICAL,D3
CENDRES,SE ASIA,10.158,109.014,-20,SUBMARINE VOLCANOES,HISTORICAL,D2
CENTRAL ISLAND,AFRICA-E,3.5,36.042,550,STRATOVOLCANO,HOLOCENE,U
CEREME,JAVA,-6.892,108.4,3078,STRATOVOLCANO,HISTORICAL,D2
CH'UGA-RYONG,KOREA,38.33,127.33,452,SHIELD VOLCANO,HOLOCENE?,?
CHACANA,ECUADOR,-0.375,-78.25,4643,CALDERA,HISTORICAL,D4
CHACHANI,PERU,-16.191,-71.53,6057,STRATOVOLCANO,HOLOCENE,U
CHAGULAK,ALEUTIAN IS,52.57,-171.13,1142,STRATOVOLCANO,HOLOCENE,U
CHAINE DES PUYS,FRANCE,45.5,2.75,1464,CINDER CONES,RADIOCARBON,D7
CHAITEN,CHILE-S,-42.833,-72.646,962,CALDERA,HOLOCENE,U
CHAO,CHILE-N,-22.12,-68.15,5100,LAVA DOME,HOLOCENE?,?
CHAPULUL,CHILE-C,-38.37,-71.08,2143,CINDER CONE,HOLOCENE,U
CHASCON,BOLIVIA,-21.88,-67.9,5125,LAVA DOME,HOLOCENE,U
CHERNY,KAMCHATKA,56.82,159.67,1778,STRATOVOLCANO,HOLOCENE,U
CHICHINAUTZIN,MEXICO,19.08,-99.13,3930,VOLCANIC FIELD,RADIOCARBON,D6
CHICHON,MEXICO,17.36,-93.228,1150,TUFF CONES,HISTORICAL,D1
CHIGINAGAK,ALASKA PENINSULA,57.13,-157.0,2075,STRATOVOLCANO,HISTORICAL,D1
CHIKURACHKI,KURIL IS,50.325,155.458,1816,STRATOVOLCANOES,HISTORICAL,D1
CHILIQUES,CHILE-N,-23.58,-67.7,5778,STRATOVOLCANO,HOLOCENE,U
CHILLAN,CHILE-C,-36.863,-71.377,3212,STRATOVOLCANO,HISTORICAL,D1
CHINAMECA,EL SALVADOR,13.475,-88.32,1228,STRATOVOLCANO,HOLOCENE,U
CHINGO VOLC FIELD,GUATEMALA,14.12,-89.73,1775,STRATOVOLCANO,HOLOCENE,U
CHIQUIMULA VOLC FIELD,GUATEMALA,14.83,-89.55,1192,CINDER CONES,HOLOCENE,U
CHIRACHA,ETHIOPIA,6.65,38.12,1650,STRATOVOLCANO,HOLOCENE?,?
CHIRINKOTAN,KURIL IS,48.98,153.48,724,STRATOVOLCANO,HISTORICAL,D1
CHIRIP,KURIL IS,45.38,147.92,1589,STRATOVOLCANOES,HISTORICAL,D3
CHIRPOI,KURIL IS,46.525,150.875,742,CALDERA,HISTORICAL,D1
CHOKAI,HONSHU-JAPAN,39.08,140.03,2237,STRATOVOLCANOES,HISTORICAL,D1
CHYULU HILLS,AFRICA-E,-2.68,37.88,2188,VOLCANIC FIELD,ANTHROPOLOGY,D3
CIGUATEPE,NICARAGUA,12.53,-86.142,603,STRATOVOLCANO,HOLOCENE?,?
CINNAMON BUTTE,US-OREGON,43.241,-122.108,1956,CINDER CONES,HOLOCENE?,?
CINOTEPEC,EL SALVADOR,14.02,-89.25,665,VOLCANIC FIELD,HOLOCENE,U
CLEAR LAKE,US-CALIFORNIA,38.97,-122.77,1439,VOLCANIC FIELD,HOLOCENE,U
CLEFT SEGMENT,PACIFIC-NE,44.83,-130.3,-2140,SUBMARINE VOLCANO,HISTORICAL,D1
CLEVELAND,ALEUTIAN IS,52.82,-169.95,1730,STRATOVOLCANO,HISTORICAL,D1
COAXIAL SEGMENT,PACIFIC-NE,46.52,-129.58,-2400,SUBMARINE VOLCANO,HISTORICAL,D1
COATEPEQUE CALDERA,EL SALVADOR,13.87,-89.55,746,CALDERA,HOLOCENE,U
COCHONS,INDIAN O-S,-46.1,50.23,775,STRATOVOLCANO,HOLOCENE,U
COFRE DE PEROTE,MEXICO,19.492,-97.15,4282,SHIELD VOLCANO,RADIOCARBON,D6
COLACHI,CHILE-N,-23.23,-67.65,5631,STRATOVOLCANO,HOLOCENE,U
COLEMAN SEAMOUNT,SOLOMON IS-SW PACIFI,-8.83,157.17,0,SUBMARINE VOLCANO,HOLOCENE,U
COLIMA,MEXICO,19.514,-103.62,3850,STRATOVOLCANOES,HISTORICAL,D1
COLLUMA,BOLIVIA,-18.5,-68.07,3876,MAAR,HOLOCENE?,?
COLO [UNA UNA],SULAWESI-INDONESIA,-0.17,121.608,507,STRATOVOLCANO,HISTORICAL,D1
COMONDU-LA PURISIMA,MEXICO,26.0,-111.92,780,VOLCANIC FIELD,HOLOCENE?,?
CONCEPCION,NICARAGUA,11.538,-85.622,1700,STRATOVOLCANO,HISTORICAL,D1
CONCHAGUA,EL SALVADOR,13.277,-87.853,1250,STRATOVOLCANO,UNCERTAIN,?
CONCHAGUITA,EL SALVADOR,13.22,-87.765,550,STRATOVOLCANO,HISTORICAL,D3
CONDOR,ARGENTINA,-26.62,-68.35,6532,STRATOVOLCANO,HOLOCENE,U
COOK,CHILE-S,-54.95,-70.27,150,LAVA DOMES,HOLOCENE,U
COPAHUE,CHILE-C,-37.85,-71.17,2965,STRATOVOLCANO,HISTORICAL,D1
COPIAPO,CHILE-N,-27.3,-69.13,6052,STRATOVOLCANO,UNCERTAIN,?
CORBETTI CALDERA,ETHIOPIA,7.18,38.43,2320,CALDERA,HOLOCENE,U
CORCOVADO,CHILE-S,-43.18,-72.8,2300,STRATOVOLCANO,HISTORICAL,D3
CORDON CAULLE,CHILE-C,-40.52,-72.2,1798,FISSURE VENTS,HISTORICAL,D2
CORDON CHALVIRI,CHILE-N,-23.85,-67.62,5623,STRATOVOLCANOES,HOLOCENE,U
CORDON DE PUNTAS NEGRAS,CHILE-N,-23.75,-67.53,5852,STRATOVOLCANOES,HOLOCENE,U
CORDON DEL AZUFRE,CHILE-N,-25.33,-68.52,5463,COMPLEX VOLCANO,HOLOCENE,U
CORONADO,MEXICO,29.08,-113.513,440,STRATOVOLCANO,FUMAROLIC,U
COROPUNA,PERU,-15.52,-72.65,6377,STRATOVOLCANO,HOLOCENE,U
CORVO,AZORES,39.67,-31.07,715,STRATOVOLCANO,HOLOCENE,U
COSIGUINA,NICARAGUA,12.98,-87.57,872,STRATOVOLCANO,HISTORICAL,D3
COSO VOLC FIELD,US-CALIFORNIA,36.03,-117.82,2400,LAVA DOMES,HOLOCENE?,?
COTOPAXI,ECUADOR,-0.677,-78.436,5911,STRATOVOLCANO,HISTORICAL,D2
CRATER LAKE,US-OREGON,42.93,-122.12,2487,CALDERA,RADIOCARBON,D7
CRATER MOUNTAIN,NEW GUINEA,-6.58,145.08,3233,STRATOVOLCANO,HOLOCENE?,?
CRATERS OF THE MOON,US-IDAHO,43.42,-113.5,2005,CINDER CONES,RADIOCARBON,D7
CROW LAGOON,CANADA,54.7,-130.23,335,PYROCLASTIC CONE,HOLOCENE,U
CU-LAO RE GROUP,SE ASIA,15.38,109.12,181,VOLCANIC FIELD,HOLOCENE,U
CUICOCHA,ECUADOR,0.308,-78.364,3246,CALDERA,RADIOCARBON,D7
CUILAPA-BARBARENA,GUATEMALA,14.33,-90.4,1454,VOLCANIC FIELD,HOLOCENE,U
CUMBAL,COLOMBIA,0.98,-77.88,4764,STRATOVOLCANO,HISTORICAL,D2
CUMBRES,MEXICO,19.15,-97.27,3940,STRATOVOLCANO,RADIOCARBON,D7
CURACOA,TONGA-SW PACIFIC,-15.62,-173.67,-33,SUBMARINE VOLCANO,HISTORICAL,D1
CURTIS ISLAND,KERMADEC IS,-30.542,-178.561,137,SUBMARINE VOLCANO,UNCERTAIN,?
DABBAHU,ETHIOPIA,12.6,40.48,1442,STRATOVOLCANO,HOLOCENE,U
DABBAYRA,ETHIOPIA,12.38,40.07,1302,SHIELD VOLCANO,HOLOCENE,U
DACHT-I-NAVAR GROUP,AFGHANISTAN,33.95,67.92,3800,LAVA DOMES,HOLOCENE,U
DAISETSU,HOKKAIDO-JAPAN,43.68,142.88,2290,STRATOVOLCANOES,TEPHROCHRONOLOGY,D6
DAKATAUA,NEW BRITAIN-SW PAC,-5.056,150.108,400,CALDERA,ANTHROPOLOGY,D3
DALAFFILLA,ETHIOPIA,13.792,40.55,613,STRATOVOLCANO,HOLOCENE,U
DALLOL,ETHIOPIA,14.242,40.3,-48,EXPLOSION CRATERS,HISTORICAL,D2
DAMA ALI,ETHIOPIA,11.28,41.63,1068,SHIELD VOLCANO,HISTORICAL,D5
DAMAVAND,IRAN,35.951,52.109,5670,STRATOVOLCANO,HOLOCENE,U
DANA,ALASKA PENINSULA,55.62,-161.22,1354,STRATOVOLCANO,RADIOCARBON,D7
DANAU COMPLEX,JAVA,-6.2,105.97,1778,CALDERA,HOLOCENE,U
DAR-ALAGES,ARMENIA,39.7,45.542,3329,UNKNOWN,HOLOCENE,U
DARIGANGA VOLC FIELD,MONGOLIA,45.33,114.0,1778,CINDER CONES,HOLOCENE,U
DARWIN,GALAPAGOS,-0.18,-91.28,1330,SHIELD VOLCANO,HOLOCENE,D3
DAUN,SUMATRA,-3.38,102.37,2467,STRATOVOLCANOES,FUMAROLIC,U
DAVIDOF,ALEUTIAN IS,51.97,178.33,328,STRATOVOLCANO,HOLOCENE?,?
DAVIS LAKE,US-OREGON,43.57,-121.82,2163,VOLCANIC FIELD,RADIOCARBON,D7
DAWSON STRAIT GROUP,D'ENTRECASTEAUX IS,-9.62,150.88,500,VOLCANIC FIELD,HYDRATION RIND,D6
DECEPTION ISLAND,ANTARCTICA,-62.97,-60.65,576,CALDERA,HISTORICAL,D1
DEMON,KURIL IS,45.5,148.85,1205,STRATOVOLCANO,HOLOCENE,U
DEMPO,SUMATRA,-4.03,103.13,3173,STRATOVOLCANO,HISTORICAL,D1
DENISON,ALASKA PENINSULA,58.42,-154.45,2318,STRATOVOLCANO,UNCERTAIN,?
DESCABEZADO GRANDE,CHILE-C,-35.58,-70.75,3953,STRATOVOLCANO,HISTORICAL,D2
DEVILS DESK,ALASKA PENINSULA,58.48,-154.3,1954,STRATOVOLCANO,UNCERTAIN,?
DEVILS GARDEN,US-OREGON,43.512,-120.861,1698,VOLCANIC FIELD,HOLOCENE?,?
DGIDA BASIN,RUSSIA-SE,50.52,103.25,1500,CINDER CONES,HOLOCENE,U
DHAMAR,ARABIA-S,14.57,44.67,3500,VOLCANIC FIELD,HISTORICAL,D2
DIABLE,W INDIES,15.62,-61.45,861,STRATOVOLCANO,FUMAROLIC,U
DIABLOTINS,W INDIES,15.5,-61.42,1430,STRATOVOLCANO,HOLOCENE,U
DIAMOND CRATERS,US-OREGON,43.1,-118.75,1435,VOLCANIC FIELD,HOLOCENE?,?
DIDICAS,LUZON-N OF,19.077,122.202,244,COMPOUND VOLCANO,HISTORICAL,D1
DIENG VOLC COMPLEX,JAVA,-7.2,109.92,2565,COMPLEX VOLCANO,HISTORICAL,D1
DIKY GREBEN,KAMCHATKA,51.43,157.0,1070,LAVA DOMES,RADIOCARBON,D6
DOFEN,ETHIOPIA,9.35,40.13,1151,STRATOVOLCANO,HOLOCENE,U
DOMA PEAKS,NEW GUINEA,-5.9,143.15,3568,STRATOVOLCANO,HOLOCENE?,?
DOMUYO,ARGENTINA,-36.63,-70.42,4709,STRATOVOLCANO,HOLOCENE?,?
DON JOAO DE CASTRO BANK,AZORES,38.23,-26.63,-14,SUBMARINE VOLCANO,HISTORICAL,D4
DONA JUANA,COLOMBIA,1.47,-76.92,4150,STRATOVOLCANO,HISTORICAL,D2
DOTSERO,US-COLORADO,39.65,-107.03,2230,MAAR,RADIOCARBON,D7
DOUGLAS,ALASKA PENINSULA,58.87,-153.55,2140,STRATOVOLCANO,FUMAROLIC,U
DUBBI,ETHIOPIA,13.58,41.808,1625,STRATOVOLCANO,HISTORICAL,D3
DUKONO,HALMAHERA-INDONESIA,1.68,127.88,1185,COMPLEX VOLCANO,HISTORICAL,D1
DUNCAN CANAL,ALASKA-SE,56.5,-133.1,15,UNKNOWN,HOLOCENE,U
DURANGO VOLC FIELD,MEXICO,24.15,-104.45,2075,CINDER CONES,HOLOCENE,U
DUTTON,ALASKA PENINSULA,55.18,-162.27,1506,STRATOVOLCANO,HOLOCENE,U
DZENZURSKY,KAMCHATKA,53.637,158.922,2155,COMPOUND VOLCANO,HOLOCENE,U
E-SAN,HOKKAIDO-JAPAN,41.8,141.17,618,STRATOVOLCANO,HISTORICAL,D3
EAGLE LAKE FIELD,US-CALIFORNIA,40.63,-120.83,1652,FISSURE VENTS,HOLOCENE?,?
EASTER ISLAND,PACIFIC-C,-27.12,-109.45,530,SHIELD VOLCANOES,HOLOCENE,U
EASTERN GEMINI SEAMOUNT,SW PACIFIC,-20.98,170.28,-80,SUBMARINE VOLCANO,HISTORICAL,D1
EBEKO,KURIL IS,50.68,156.02,1156,SOMMA VOLCANO,HISTORICAL,D1
EBULOBO,LESSER SUNDA IS,-8.808,121.18,2124,STRATOVOLCANO,HISTORICAL,D1
EBURRU,AFRICA-E,-0.63,36.23,2856,COMPLEX VOLCANO,HOLOCENE,U
ECUADOR,GALAPAGOS,-0.02,-91.546,790,SHIELD VOLCANO,HOLOCENE,U
EDGECUMBE,ALASKA-SE,57.05,-135.75,976,STRATOVOLCANOES,RADIOCARBON,D7
EDZIZA,CANADA,57.72,-130.63,2786,STRATOVOLCANO,RADIOCARBON,D6
EGGELLA,KAMCHATKA,56.57,158.52,1046,SHIELD VOLCANO,HOLOCENE,U
EGMONT,NEW ZEALAND,-39.3,174.07,2518,STRATOVOLCANO,RADIOCARBON,D4
EGON,LESSER SUNDA IS,-8.67,122.45,1703,STRATOVOLCANO,HISTORICAL,D2
EKARMA,KURIL IS,48.958,153.93,1170,STRATOVOLCANO,HISTORICAL,D1
ELBRUS,RUSSIA-SW,43.33,42.45,5633,STRATOVOLCANO,TEPHROCHRONOLOGY,D6
ELMENTEITA BADLANDS,AFRICA-E,-0.52,36.27,2126,PYROCLASTIC CONES,HOLOCENE,U
ELOVSKY,KAMCHATKA,57.53,160.53,1381,SHIELD VOLCANOES,HOLOCENE,U
EMMONS LAKE,ALASKA PENINSULA,55.33,-162.07,1465,CALDERA,HOLOCENE,U
EMPEROR OF CHINA,BANDA SEA,-6.62,124.22,-2850,SUBMARINE VOLCANO ?,UNCERTAIN,?
EMURUANGOGOLAK,AFRICA-E,1.5,36.33,1328,SHIELD VOLCANO,RADIOCARBON,D2
EPI,VANUATU-SW PACIFIC,-16.68,168.37,833,STRATOVOLCANOES,HISTORICAL,D1
ERCIYES DAGI,TURKEY,38.52,35.48,3916,STRATOVOLCANO,HOLOCENE,U
EREBUS,ANTARCTICA,-77.53,167.17,3794,STRATOVOLCANO,HISTORICAL,D1
ERTA ALE,ETHIOPIA,13.6,40.67,613,SHIELD VOLCANO,HISTORICAL,D1
ES SAFA,SYRIA,33.08,37.15,979,VOLCANIC FIELD,HISTORICAL,D3
ESCALA,BOLIVIA,-21.6,-66.88,4000,LAVA DOME,HOLOCENE,U
ESCORIAL,CHILE-N,-25.08,-68.37,5447,STRATOVOLCANO,HOLOCENE,U
ESJUFJOLL,ICELAND-SE,64.27,-16.65,1760,STRATOVOLCANO,HISTORICAL,D2
ESMERALDA BANK,MARIANA IS-C PACIFIC,15.0,145.25,-43,SUBMARINE VOLCANO,FUMAROLIC,U
ESPENBERG,ALASKA-W,66.35,-164.33,243,VOLCANIC FIELD,TEPHROCHRONOLOGY,D7
EST,INDIAN O-S,-46.43,52.2,1090,STRATOVOLCANO,HOLOCENE?,?
ESTELI,NICARAGUA,13.17,-86.4,899,FISSURE VENTS,HOLOCENE?,?
ETNA,ITALY,37.734,15.004,3350,STRATOVOLCANO,HISTORICAL,D1
EYJAFJOLL,ICELAND-S,63.63,-19.62,1666,STRATOVOLCANO,HISTORICAL,D3
FALCON ISLAND,TONGA-SW PACIFIC,-20.32,-175.42,-17,SUBMARINE VOLCANO,HISTORICAL,D2
FALSO AZUFRE,CHILE-N,-26.8,-68.37,5890,COMPLEX VOLCANO,HOLOCENE,U
FARALLON DE PAJAROS,MARIANA IS-C PACIFIC,20.53,144.9,360,STRATOVOLCANO,HISTORICAL,D1
FAYAL,AZORES,38.6,-28.73,1043,STRATOVOLCANO,HISTORICAL,D2
FEDOTYCH,KAMCHATKA,57.13,160.4,965,SHIELD VOLCANO,HOLOCENE,U
FENTALE,ETHIOPIA,8.975,39.93,2007,STRATOVOLCANO,HISTORICAL,D3
FERNANDINA,GALAPAGOS,-0.37,-91.55,1495,SHIELD VOLCANO,HISTORICAL,D1
FIRURA,PERU,-15.23,-72.63,5498,STRATOVOLCANOES,HOLOCENE,U
FISHER,ALEUTIAN IS,54.67,-164.35,1094,STRATOVOLCANO,HISTORICAL,D3
FLOREANA,GALAPAGOS,-1.3,-90.45,640,SHIELD VOLCANO,HOLOCENE,U
FLORES,AZORES,39.4,-31.17,915,STRATOVOLCANO,RADIOCARBON,D7
FLORES,GUATEMALA,14.3,-90.0,1600,VOLCANIC FIELD,HOLOCENE,U
FOGO,CAPE VERDE IS,14.95,-24.35,2829,STRATOVOLCANO,HISTORICAL,D1
FONUALEI,TONGA-SW PACIFIC,-18.02,-174.325,200,STRATOVOLCANO,HISTORICAL,D2
FORT PORTAL FIELD,AFRICA-C,0.7,30.25,1524,TUFF CONES,HOLOCENE,U
FORT SELKIRK,CANADA,62.93,-137.38,1239,VOLCANIC FIELD,HOLOCENE,U
FOUR CRATERS LAVA FIELD,US-OREGON,43.361,-120.669,1501,VOLCANIC FIELD,HOLOCENE?,?
FOURNAISE,INDIAN O-W,-21.229,55.713,2631,SHIELD VOLCANO,HISTORICAL,D1
FOURPEAKED,ALASKA PENINSULA,58.77,-153.68,2104,STRATOVOLCANO,UNCERTAIN,?
FREMRINAMUR,ICELAND-NE,65.43,-16.65,939,STRATOVOLCANO,TEPHROCHRONOLOGY,D7
FROSTY,ALASKA PENINSULA,55.07,-162.82,1920,STRATOVOLCANOES,HOLOCENE,U
FUEGO,GUATEMALA,14.473,-90.88,3763,STRATOVOLCANO,HISTORICAL,D1
FUERTEVENTURA,CANARY IS,28.358,-14.02,529,FISSURE VENTS,HOLOCENE,U
FUJI,HONSHU-JAPAN,35.35,138.73,3776,STRATOVOLCANO,HISTORICAL,D4
FUKUJIN,VOLCANO IS-JAPAN,21.925,143.442,-217,SUBMARINE VOLCANO,HISTORICAL,D1
FUKUTOKU-OKANOBA,VOLCANO IS-JAPAN,24.28,141.52,-14,SUBMARINE VOLCANO,HISTORICAL,D1
FURNAS,AZORES,37.77,-25.32,805,STRATOVOLCANO,HISTORICAL,D5
FUSS PEAK,KURIL IS,50.27,155.25,1772,STRATOVOLCANO,HISTORICAL,D3
GABILLEMA,ETHIOPIA,11.08,41.27,1459,STRATOVOLCANO,HOLOCENE,U
GADA ALE,ETHIOPIA,13.975,40.408,287,STRATOVOLCANO,HOLOCENE,U
GALAPAGOS RIFT,PACIFIC-E,0.792,-86.15,-2430,SUBMARINE VOLCANO,HISTORICAL,D1
GALERAS,COLOMBIA,1.22,-77.37,4276,COMPLEX VOLCANO,HISTORICAL,D1
GALLEGO,SOLOMON IS-SW PACIFI,-9.35,159.73,1000,VOLCANIC FIELD,HOLOCENE?,?
GALUNGGUNG,JAVA,-7.25,108.05,2168,STRATOVOLCANO,HISTORICAL,D1
GAMALAMA,HALMAHERA-INDONESIA,0.8,127.325,1715,STRATOVOLCANOES,HISTORICAL,D1
GAMCHEN,KAMCHATKA,54.973,160.702,2576,COMPLEX VOLCANO,HOLOCENE,U
GAMKONORA,HALMAHERA-INDONESIA,1.375,127.52,1635,STRATOVOLCANO,HISTORICAL,D1
GARBES,DJIBOUTI,11.42,42.2,1000,FUMAROLE FIELD,PLEISTOCENE-FUMAROLIC,Q
GARBUNA GROUP,NEW BRITAIN-SW PAC,-5.45,150.03,564,STRATOVOLCANOES,HOLOCENE,U
GARELOI,ALEUTIAN IS,51.78,-178.8,1573,STRATOVOLCANO,HISTORICAL,D1
GARIBALDI LAKE,CANADA,49.92,-123.03,2316,VOLCANIC FIELD,HOLOCENE,U
GARIBALDI,CANADA,49.85,-123.0,2678,STRATOVOLCANO,RADIOCARBON,D7
GAROVE,NEW BRITAIN-SW PAC,-4.692,149.5,368,STRATOVOLCANO,HOLOCENE,U
GARUA HARBOUR,NEW BRITAIN-SW PAC,-5.269,150.088,565,VOLCANIC FIELD,HOLOCENE?,?
GAUA,VANUATU-SW PACIFIC,-14.27,167.5,797,STRATOVOLCANO,HISTORICAL,D1
GEDAMSA CALDERA,ETHIOPIA,8.35,39.18,1984,CALDERA,HOLOCENE,U
GEDE,JAVA,-6.78,106.98,2958,STRATOVOLCANO,HISTORICAL,D2
GENOVESA,GALAPAGOS,0.32,-89.958,64,SHIELD VOLCANO,HOLOCENE,U
GEODESISTOY,KAMCHATKA,56.33,158.67,1170,SHIELD VOLCANO,HOLOCENE,U
GEUREUDONG,SUMATRA,4.813,96.82,2885,STRATOVOLCANOES,HISTORICAL,D2
GIREKOL,TURKEY,39.17,43.33,0,UNKNOWN,HOLOCENE,U
GLACIER PEAK,US-WASHINGTON,48.112,-121.113,3213,STRATOVOLCANO,TEPHROCHRONOLOGY,D4
GLORIA,MEXICO,19.33,-97.25,3500,VOLCANIC FIELD,HOLOCENE,U
GOLAYA,KAMCHATKA,52.263,157.787,858,STRATOVOLCANO,HOLOCENE,U
GOLDEN TROUT CREEK,US-CALIFORNIA,36.358,-118.32,2886,VOLCANIC FIELD,TEPHROCHRONOLOGY,D7
GOLETS-TORNYI GROUP,KURIL IS,45.25,148.35,442,PYROCLASTIC CONES,HOLOCENE?,?
GOLLU DAG,TURKEY,38.25,34.57,2143,LAVA DOME,HOLOCENE,U
GOLOVNIN,KURIL IS,43.85,145.53,541,CALDERA,HISTORICAL,D3
GOODENOUGH,D'ENTRECASTEAUX IS,-9.48,150.35,220,VOLCANIC FIELD,HOLOCENE,U
GORDON,ALASKA-E,62.13,-143.08,2755,CINDER CONES,HOLOCENE,U
GORELY,KAMCHATKA,52.558,158.03,1829,CALDERA,HISTORICAL,D1
GORIASCHAIA SOPKA,KURIL IS,46.83,151.75,891,STRATOVOLCANO,HISTORICAL,D2
GORNY INSTITUTE,KAMCHATKA,57.33,160.2,2125,STRATOVOLCANO,HOLOCENE,U
GRACIOSA,AZORES,39.02,-27.97,402,STRATOVOLCANO,HOLOCENE,U
GRAN CANARIA,CANARY IS,28.0,-15.58,1950,FISSURE VENTS,RADIOCARBON,D7
GREAT SITKIN,ALEUTIAN IS,52.08,-176.13,1740,STRATOVOLCANO,HISTORICAL,D1
GRIGGS,ALASKA PENINSULA,58.35,-155.1,2317,STRATOVOLCANO,HOLOCENE,U
GRILLE,INDIAN O-W,-11.47,43.33,1087,SHIELD VOLCANO,HOLOCENE,U
GRIMSNES,ICELAND-SW,64.03,-20.87,214,CRATER ROWS,TEPHROCHRONOLOGY,D7
GRIMSVOTN,ICELAND-NE,64.42,-17.33,1725,CALDERA,HISTORICAL,D1
GROPPO,ETHIOPIA,11.73,40.25,930,STRATOVOLCANO,HOLOCENE,U
GROZNY GROUP,KURIL IS,45.02,147.87,1211,COMPLEX VOLCANOES,HISTORICAL,D1
GUADALUPE,MEXICO,29.07,-118.28,1100,SHIELD VOLCANO,HOLOCENE,U
GUAGUA PICHINCHA,ECUADOR,-0.171,-78.598,4784,STRATOVOLCANO,HISTORICAL,D1
GUALLATIRI,CHILE-N,-18.42,-69.17,6071,STRATOVOLCANO,HISTORICAL,D2
GUAYAQUES,CHILE-N,-22.88,-67.58,5598,LAVA DOMES,HOLOCENE,U
GUAZAPA,EL SALVADOR,13.9,-89.12,1438,STRATOVOLCANO,HOLOCENE,U
GUFA,ETHIOPIA,12.55,42.53,600,VOLCANIC FIELD,HOLOCENE,U
GUGUAN,MARIANA IS-C PACIFIC,17.32,145.85,287,STRATOVOLCANO,HISTORICAL,D3
GUNTUR,JAVA,-7.13,107.83,2249,COMPLEX VOLCANO,HISTORICAL,D3
GUNUNGAPI WETAR,BANDA SEA,-6.642,126.65,282,STRATOVOLCANO,HISTORICAL,D5
HACHIJO-JIMA,IZU IS-JAPAN,33.13,139.77,854,STRATOVOLCANOES,HISTORICAL,D5
HACHIMANTAI,HONSHU-JAPAN,39.95,140.85,1614,STRATOVOLCANO,HOLOCENE?,?
HAKKODA GROUP,HONSHU-JAPAN,40.65,140.88,1585,STRATOVOLCANOES,HOLOCENE,U
HAKONE,HONSHU-JAPAN,35.22,139.02,1438,COMPLEX VOLCANO,RADIOCARBON,D7
HAKU-SAN,HONSHU-JAPAN,36.15,136.78,2702,STRATOVOLCANO,HISTORICAL,D5
HALEAKALA,HAWAIIAN IS,20.708,-156.25,3055,SHIELD VOLCANO,HISTORICAL,D4
HALLA,KOREA,33.37,126.53,1950,SHIELD VOLCANO,HISTORICAL,D6
HAMMAN DEMT,ARABIA-S,14.05,44.75,1500,CONE,ANTHROPOLOGY,U
HANISH,RED SEA,13.72,42.73,422,SHIELD VOLCANO,HOLOCENE,U
HARGY,NEW BRITAIN-SW PAC,-5.33,151.1,1148,STRATOVOLCANO,RADIOCARBON,D6
HARUJ,AFRICA-N,27.25,17.5,1200,SCORIA CONES,HOLOCENE,U
HARUNA,HONSHU-JAPAN,36.47,138.88,1449,STRATOVOLCANO,ANTHROPOLOGY,D6
HASAN DAGI,TURKEY,38.13,34.17,3253,STRATOVOLCANO,HOLOCENE,U
HAUT DONG NAI,SE ASIA,11.6,108.2,1000,VOLCANIC FIELD,HOLOCENE?,?
HAYES,ALASKA-SW,61.62,-152.48,2788,STRATOVOLCANO,RADIOCARBON,D6
HAYLAN,ARABIA-S,15.43,44.78,1550,VOLCANIC FIELD,ANTHROPOLOGY,D7
HAYLI GUBBI,ETHIOPIA,13.5,40.72,521,SHIELD VOLCANO,HOLOCENE,U
HEARD,INDIAN O-S,-53.106,73.513,2745,STRATOVOLCANO,HISTORICAL,D1
HEART PEAKS,CANADA,58.6,-131.97,2012,SHIELD VOLCANO,HOLOCENE,U
HEKLA,ICELAND-S,63.98,-19.7,1491,STRATOVOLCANO,HISTORICAL,D1
HELATOBA-TARUTUNG,SUMATRA,2.03,98.93,1100,FUMAROLE FIELD,PLEISTOCENE-FUMAROLIC,Q
HELL'S HALF ACRE,US-IDAHO,43.5,-112.45,1631,SHIELD VOLCANO,RADIOCARBON,D7
HENGILL,ICELAND-SW,64.18,-21.33,803,CRATER ROWS,RADIOCARBON,D6
HERBERT,ALEUTIAN IS,52.75,-170.12,1290,STRATOVOLCANO,HOLOCENE,U
HERTALI,ETHIOPIA,9.78,40.33,900,FISSURE VENT,HOLOCENE,U
HIBOK-HIBOK,MINDANAO-PHILIPPINES,9.203,124.673,1332,STRATOVOLCANO,HISTORICAL,D2
HIERRO,CANARY IS,27.73,-18.03,1500,SHIELD VOLCANO,HISTORICAL,D4
HIJIORI,HONSHU-JAPAN,38.6,140.18,516,CALDERA,RADIOCARBON,D7
HIRI,HALMAHERA-INDONESIA,0.88,127.32,630,STRATOVOLCANO,HOLOCENE,U
HIUCHI,HONSHU-JAPAN,36.95,139.28,2346,STRATOVOLCANO,HISTORICAL,D5
HOBICHA CALDERA,ETHIOPIA,6.78,37.83,1800,CALDERA,HOLOCENE?,?
HODSON,ANTARCTICA,-56.7,-27.15,1005,STRATOVOLCANO,HOLOCENE,U
HOFSJOKULL,ICELAND-SW,64.78,-18.92,1782,SUBGLACIAL VOLCANO,HOLOCENE,U
HOMA MOUNTAIN,AFRICA-E,-0.38,34.5,1751,COMPLEX VOLCANO,HOLOCENE,U
HOME REEF,TONGA-SW PACIFIC,-18.992,-174.775,-2,SUBMARINE VOLCANO,HISTORICAL,D1
HONGGEERTU,CHINA-E,41.47,113.0,1700,CINDER CONES,HOLOCENE?,?
HOOD,US-OREGON,45.374,-121.694,3426,STRATOVOLCANO,HISTORICAL,D3
HOODOO MOUNTAIN,CANADA,56.78,-131.28,1820,SUBGLACIAL VOLCANO,HOLOCENE,U
HORNOPIREN,CHILE-S,-41.874,-72.431,1572,STRATOVOLCANO,HOLOCENE?,?
HUALALAI,HAWAIIAN IS,19.692,-155.87,2523,SHIELD VOLCANO,HISTORICAL,D3
HUANQUIHUE GROUP,ARGENTINA,-39.87,-71.55,1300,PYROCLASTIC CONE,HOLOCENE,U
HUAYNAPUTINA,PERU,-16.608,-70.85,4850,STRATOVOLCANO ?,HISTORICAL,D5
HUDSON MOUNTAINS,ANTARCTICA,-74.33,-99.42,749,STRATOVOLCANOES,UNCERTAIN,?
HUDSON,CHILE-S,-45.9,-72.97,1905,STRATOVOLCANO,HISTORICAL,D1
HUELEMOLLE,CHILE-C,-39.3,-71.82,810,CINDER CONES,TEPHROCHRONOLOGY,D7
HUEQUI,CHILE-S,-42.377,-72.578,1318,STRATOVOLCANO,HISTORICAL,D2
HUILA,COLOMBIA,2.92,-76.05,5365,STRATOVOLCANO,HISTORICAL,D5
HULUBELU,SUMATRA,-5.35,104.6,1040,CALDERA,FUMAROLIC,U
HUMEROS,MEXICO,19.68,-97.45,3150,CALDERAS,HOLOCENE?,?
HUNGA TONGA-HUNGA HA'APAI,TONGA-SW PACIFIC,-20.57,-175.38,0,SUBMARINE VOLCANO,HISTORICAL,D1
HUNTER ISLAND,SW PACIFIC,-22.4,172.05,297,STRATOVOLCANO,HISTORICAL,D2
HUTAPANJANG,SUMATRA,-2.33,101.6,2021,STRATOVOLCANO,HOLOCENE,U
HYDROGRAPHERS RANGE,NEW GUINEA,-9.0,148.37,1915,STRATOVOLCANO,HOLOCENE,U
IAMALELE,D'ENTRECASTEAUX IS,-9.52,150.53,200,LAVA DOMES,HOLOCENE,U
IBU,HALMAHERA-INDONESIA,1.475,127.642,1325,STRATOVOLCANO,HISTORICAL,D1
IBUSUKI VOLC FIELD,KYUSHU-JAPAN,31.22,130.57,922,CALDERAS,HISTORICAL,D6
ICHINSKY,KAMCHATKA,55.68,157.73,3621,STRATOVOLCANO,HOLOCENE,U
IETTUNUP,KAMCHATKA,58.4,161.08,1340,SHIELD VOLCANOES,HOLOCENE,U
IGWISI HILLS,AFRICA-E,-4.87,31.92,0,TUFF CONES,HOLOCENE,U
IJEN,JAVA,-8.058,114.242,2799,STRATOVOLCANOES,HISTORICAL,D1
IKTUNUP,KAMCHATKA,58.08,160.77,2300,SHIELD VOLCANOES,HOLOCENE,U
ILIAMNA,ALASKA-SW,60.03,-153.08,3053,STRATOVOLCANO,HISTORICAL,D2
ILIBOLENG,LESSER SUNDA IS,-8.342,123.258,1659,STRATOVOLCANO,HISTORICAL,D1
ILILABALEKAN,LESSER SUNDA IS,-8.53,123.42,1018,STRATOVOLCANO,FUMAROLIC,U
ILIMUDA,LESSER SUNDA IS,-8.478,122.671,1100,STRATOVOLCANO,FUMAROLIC,U
ILIWERUNG,LESSER SUNDA IS,-8.54,123.59,1018,COMPLEX VOLCANO,HISTORICAL,D1
ILLINIZA,ECUADOR,-0.659,-78.714,5248,STRATOVOLCANO,HOLOCENE,U
ILOPANGO,EL SALVADOR,13.672,-89.053,450,CALDERA,HISTORICAL,D3
ILYINSKY,KAMCHATKA,51.49,157.2,1578,STRATOVOLCANO,HISTORICAL,D2
IMAGINATION PEAK,US-OREGON,42.552,-122.201,1986,PYROCLASTIC CONE,HOLOCENE?,?
IMUN,SUMATRA,2.15,98.93,1505,UNKNOWN,HOLOCENE?,?
IMURUK LAKE,ALASKA-W,65.6,-163.92,610,SHIELD VOLCANOES,RADIOCARBON,D6
INDIAN HEAVEN,US-WASHINGTON,45.93,-121.82,1513,SHIELD VOLCANOES,RADIOCARBON,D7
INGAKSLUGWAT HILLS,ALASKA-W,61.43,-164.47,190,CINDER CONES,HOLOCENE,U
INIELIKA,LESSER SUNDA IS,-8.73,120.98,1559,COMPLEX VOLCANO,HISTORICAL,D2
INIERIE,LESSER SUNDA IS,-8.875,120.95,2245,STRATOVOLCANO,FUMAROLIC,U
INYO CRATERS,US-CALIFORNIA,37.692,-119.02,2629,LAVA DOMES,RADIOCARBON,D6
IPALA VOLC FIELD,GUATEMALA,14.55,-89.63,1650,STRATOVOLCANO,HOLOCENE,U
IRAYA,LUZON-N OF,20.469,122.01,1009,STRATOVOLCANO,HISTORICAL,D6
IRAZU,COSTA RICA,9.979,-83.852,3432,STRATOVOLCANO,HISTORICAL,D1
IRIGA,LUZON-PHILIPPINES,13.457,123.457,1196,STRATOVOLCANO,HISTORICAL,D5
IRIOMOTE-JIMA,RYUKYU IS,24.558,124.0,-200,SUBMARINE VOLCANO,HISTORICAL,D2
IRRUPUTUNCU,CHILE-N,-20.73,-68.55,5163,STRATOVOLCANO,HISTORICAL,D1
ISANOTSKI,ALEUTIAN IS,54.75,-163.73,2446,STRATOVOLCANO,HISTORICAL,D3
ISAROG,LUZON-PHILIPPINES,13.658,123.37,1966,STRATOVOLCANO,HOLOCENE,U
ISCHIA,ITALY,40.73,13.897,789,COMPLEX VOLCANO,HISTORICAL,D6
ISKUT-UNUK RIVER CONES,CANADA,56.58,-130.55,1880,CINDER CONES,RADIOCARBON,D3
ISLUGA,CHILE-N,-19.15,-68.83,5050,STRATOVOLCANO,HISTORICAL,D2
ITASY VOLC FIELD,MADAGASCAR,-19.0,46.77,1800,SCORIA CONES,RADIOCARBON,D7
ITHNAYN,ARABIA-W,26.58,40.2,1625,VOLCANIC FIELD,HOLOCENE,U
IULT,KAMCHATKA,55.23,160.587,1857,STRATOVOLCANO,HOLOCENE,U
IVAO GROUP,KURIL IS,45.77,149.68,1426,CINDER CONES,HOLOCENE,U
IWAKI,HONSHU-JAPAN,40.65,140.3,1625,STRATOVOLCANO,HISTORICAL,D3
IWATE,HONSHU-JAPAN,39.85,141.0,2041,COMPLEX VOLCANO,HISTORICAL,D2
IWO-TORI-SHIMA,RYUKYU IS,27.85,128.25,217,COMPLEX VOLCANO,HISTORICAL,D1
IWO-JIMA,VOLCANO IS-JAPAN,24.75,141.33,161,CALDERA,HISTORICAL,D1
IXTEPEQUE,GUATEMALA,14.42,-89.68,1292,LAVA DOMES,HOLOCENE,U
IYA,LESSER SUNDA IS,-8.88,121.63,637,STRATOVOLCANO,HISTORICAL,D1
IYANG-ARGAPURA,JAVA,-7.97,113.57,3088,COMPLEX VOLCANO,HOLOCENE,U
IZALCO,EL SALVADOR,13.813,-89.633,1950,STRATOVOLCANO,HISTORICAL,D1
IZTACCIHUATL,MEXICO,19.179,-98.642,5230,STRATOVOLCANO,HOLOCENE,U
IZU-TOBU,HONSHU-JAPAN,34.92,139.12,1406,PYROCLASTIC CONES,HISTORICAL,D1
IZUMBWE-MPOLI,AFRICA-E,-8.93,33.4,1568,PYROCLASTIC CONES,HOLOCENE,U
JACKIES BUTTE,US-OREGON,42.606,-117.589,1420,VOLCANIC FIELD,HOLOCENE?,?
JAILOLO,HALMAHERA-INDONESIA,1.08,127.42,1130,STRATOVOLCANO,HOLOCENE,U
JALAJALA,LUZON-PHILIPPINES,14.35,121.33,743,FUMAROLE FIELD,FUMAROLIC,?
JALUA,ETHIOPIA,15.042,39.82,713,STRATOVOLCANO,HOLOCENE,U
JAN MAYEN,ATLANTIC-N-JAN MAYEN,71.08,-8.17,2277,STRATOVOLCANO,HISTORICAL,D1
JARAGUAY VOLC FIELD,MEXICO,29.33,-114.5,960,CINDER CONES,HOLOCENE,U
JEFFERSON,US-OREGON,44.692,-121.8,3199,STRATOVOLCANO,VARVE COUNT,D6
JINGPOHU,CHINA-E,44.08,128.83,500,VOLCANIC FIELD,RADIOCARBON,D7
JOCOTITLAN,MEXICO,19.724,-99.757,3900,STRATOVOLCANO,RADIOCARBON,D6
JORDAN CRATERS,US-OREGON,43.03,-117.42,1473,VOLCANIC FIELD,HOLOCENE,U
JOYA,NICARAGUA,11.92,-85.98,300,FISSURE VENTS,HOLOCENE,U
KABA,SUMATRA,-3.52,102.62,1952,STRATOVOLCANO,HISTORICAL,D2
KABARGIN OTH GROUP,GEORGIA,42.55,44.0,3650,CINDER CONES,HOLOCENE,U
KADOVAR,NEW GUINEA-NE OF,-3.62,144.62,365,STRATOVOLCANO,HOLOCENE,U
KAGAMIL,ALEUTIAN IS,52.97,-169.72,893,STRATOVOLCANO,HISTORICAL,D2
KAGUYAK,ALASKA PENINSULA,58.62,-154.05,901,STRATOVOLCANO,HOLOCENE,D7
KAHOOLAWE,HAWAIIAN IS,20.57,-156.57,450,SHIELD VOLCANO,HOLOCENE?,?
KAIKOHE-BAY OF ISLANDS,NEW ZEALAND,-35.3,173.9,388,VOLCANIC FIELD,RADIOCARBON,D6
KAILENEY,KAMCHATKA,57.8,160.67,1582,SHIELD VOLCANO,HOLOCENE,U
KAITOKU SEAMOUNT,VOLCANO IS-JAPAN,26.122,141.102,-10,SUBMARINE VOLCANO,HISTORICAL,D1
KALATUNGAN,MINDANAO-PHILIPPINES,7.95,124.8,2824,STRATOVOLCANO,HOLOCENE,U
KAMBALNY,KAMCHATKA,51.3,156.87,2156,STRATOVOLCANO,HOLOCENE,U
KAMEN,KAMCHATKA,56.02,160.593,4585,STRATOVOLCANO,HOLOCENE,U
KAMOJANG,JAVA,-7.125,107.8,1730,STRATOVOLCANOES,PLEISTOCENE-FUMAROLIC,U
KANA KEOKI,SOLOMON IS-SW PACIFI,-8.75,157.03,-700,SUBMARINE VOLCANO,HOLOCENE,U
KANAGA,ALEUTIAN IS,51.92,-177.17,1307,STRATOVOLCANO,HISTORICAL,D1
KANPU,HONSHU-JAPAN,39.93,139.88,355,STRATOVOLCANO,RADIOCARBON,D7
KARACALIDAG,TURKEY,37.67,39.83,1957,SHIELD VOLCANO,HOLOCENE,U
KARAHA,JAVA,-7.12,108.08,1155,FUMAROLE FIELD,FUMAROLIC,U
KARANG,JAVA,-6.27,106.042,1778,STRATOVOLCANO,HOLOCENE?,?
KARANGETANG [API SIAU],SANGIHE IS-INDONESIA,2.78,125.48,1784,STRATOVOLCANO,HISTORICAL,D1
KARAPINAR FIELD,TURKEY,37.67,33.65,1302,CINDER CONES,HOLOCENE,D7
KARISIMBI,AFRICA-C,-1.5,29.45,4507,STRATOVOLCANO,HOLOCENE,U
KARKAR,NEW GUINEA-NE OF,-4.649,145.964,1839,STRATOVOLCANO,HISTORICAL,D1
KARPINSKY GROUP,KURIL IS,50.13,155.37,1345,CONES,HISTORICAL,D2
KARS PLATEAU,TURKEY,40.75,42.9,3000,VOLCANIC FIELD,HOLOCENE?,?
KARTHALA,INDIAN O-W,-11.75,43.38,2361,SHIELD VOLCANO,HISTORICAL,D1
KARYMSKY,KAMCHATKA,54.05,159.43,1536,STRATOVOLCANO,HISTORICAL,D1
KASATOCHI,ALEUTIAN IS,52.18,-175.5,314,STRATOVOLCANO,HISTORICAL,D4
KASBEK,GEORGIA,42.7,44.5,5050,STRATOVOLCANO,TEPHROCHRONOLOGY,D7
KASUGA,VOLCANO IS-JAPAN,21.77,143.72,-558,SUBMARINE VOLCANO,UNCERTAIN,?
KATLA,ICELAND-S,63.63,-19.05,1512,SUBGLACIAL VOLCANO,HISTORICAL,D2
KATMAI,ALASKA PENINSULA,58.27,-154.98,2047,STRATOVOLCANO,HISTORICAL,D2
KATUNGA,AFRICA-C,-0.47,30.18,1707,TUFF CONE,HOLOCENE,U
KATWE-KIKORONGO FIELD,AFRICA-C,-0.08,29.92,1067,TUFF CONES,HOLOCENE,U
KAVACHI,SOLOMON IS-SW PACIFI,-9.02,157.95,-20,SUBMARINE VOLCANO,HISTORICAL,D1
KAWI-BUTAK,JAVA,-7.92,112.45,2651,STRATOVOLCANOES,HOLOCENE,U
KEBENEY,KAMCHATKA,57.1,159.93,1527,SHIELD VOLCANO,HOLOCENE,U
KEKURNY,KAMCHATKA,56.4,158.85,1377,SHIELD VOLCANOES,HOLOCENE,U
KELIMUTU,LESSER SUNDA IS,-8.758,121.83,1640,COMPLEX VOLCANO,HISTORICAL,D1
KELL,KAMCHATKA,51.65,157.35,900,STRATOVOLCANOES,HOLOCENE,U
KELUO GROUP,CHINA-E,49.37,125.92,670,PYROCLASTIC CONES,HOLOCENE,U
KELUT,JAVA,-7.93,112.308,1731,STRATOVOLCANO,HISTORICAL,D1
KEMBAR,SUMATRA,3.85,97.664,2245,SHIELD VOLCANO,PLEISTOCENE-FUMAROLIC,Q
KENDANG,JAVA,-7.23,107.72,2608,STRATOVOLCANO,HOLOCENE,U
KERGUELEN ISLANDS,INDIAN O-S,-49.58,69.5,1840,STRATOVOLCANOES,HOLOCENE,U
KERINCI,SUMATRA,-1.814,101.264,3800,STRATOVOLCANO,HISTORICAL,D1
KERLINGARFJOLL,ICELAND-SW,64.63,-19.32,1488,STRATOVOLCANO,HOLOCENE,U
KETOI,KURIL IS,47.35,152.475,1172,STRATOVOLCANO,HISTORICAL,D2
KHANGAR,KAMCHATKA,54.75,157.38,2000,STRATOVOLCANO,RADIOCARBON,D7
KHANUY GOL,MONGOLIA,48.67,102.75,1886,VOLCANIC FIELD,HOLOCENE,U
KHARIMKOTAN,KURIL IS,49.12,154.508,1145,STRATOVOLCANO,HISTORICAL,D2
KHAYBAR,ARABIA-W,25.0,39.92,2093,VOLCANIC FIELD,HISTORICAL,D6
KHODUTKA,KAMCHATKA,52.063,157.703,2090,STRATOVOLCANOES,RADIOCARBON,D7
KIALAGVIK,ALASKA PENINSULA,57.38,-156.75,1575,STRATOVOLCANO,HOLOCENE,U
KIARABERES-GAGAK,JAVA,-6.73,106.65,1511,STRATOVOLCANO,HISTORICAL,D2
KICK-'EM-JENNY,W INDIES,12.3,-61.63,-177,SUBMARINE VOLCANO,HISTORICAL,D1
KIEYO,AFRICA-E,-9.23,33.78,2175,STRATOVOLCANO,HISTORICAL,D3
KIKAI,RYUKYU IS,30.78,130.28,717,CALDERA,HISTORICAL,D1
KIKHPINYCH,KAMCHATKA,54.487,160.253,1552,STRATOVOLCANOES,RADIOCARBON,D5
KILAUEA,HAWAIIAN IS,19.425,-155.292,1222,SHIELD VOLCANO,HISTORICAL,D1
KILIMANJARO,AFRICA-E,-3.07,37.35,5895,STRATOVOLCANO,HOLOCENE,U
KIRISHIMA,KYUSHU-JAPAN,31.93,130.87,1700,SHIELD VOLCANO,HISTORICAL,D1
KISHB,ARABIA-W,22.8,41.38,1475,VOLCANIC FIELD,HOLOCENE,U
KISKA,ALEUTIAN IS,52.1,177.6,1220,STRATOVOLCANO,HISTORICAL,D1
KITA-FUKUTOKUTAI,VOLCANO IS-JAPAN,24.414,141.419,-73,SUBMARINE VOLCANO,HOLOCENE,U
KITA-IWO-JIMA,VOLCANO IS-JAPAN,25.43,141.23,792,STRATOVOLCANO,HISTORICAL,D2
KIZIMEN,KAMCHATKA,55.13,160.32,2485,STRATOVOLCANO,HISTORICAL,D2
KLABAT,SULAWESI-INDONESIA,1.47,125.03,1995,STRATOVOLCANO,FUMAROLIC,U
KLIUCHEVSKOI,KAMCHATKA,56.057,160.638,4835,STRATOVOLCANO,HISTORICAL,D1
KOLBEINSEY RIDGE,ICELAND-N OF,66.67,-18.5,0,SUBMARINE VOLCANO,HISTORICAL,D4
KOLKHOZHNY,KAMCHATKA,55.07,160.77,2161,STRATOVOLCANO,HOLOCENE,U
KOLOB,US-UTAH,37.33,-113.12,2727,VOLCANIC FIELD,HOLOCENE?,?
KOLOKOL GROUP,KURIL IS,46.042,150.05,1328,SOMMA VOLCANOES,HISTORICAL,D1
KOMAGA-TAKE,HOKKAIDO-JAPAN,42.07,140.68,1140,STRATOVOLCANO,HISTORICAL,D1
KOMAROV,KAMCHATKA,55.032,160.72,2070,STRATOVOLCANO,HOLOCENE,U
KONE,ETHIOPIA,8.8,39.692,1619,CALDERAS,HISTORICAL,D3
KONIUJI,ALEUTIAN IS,52.22,-175.13,272,STRATOVOLCANO,UNCERTAIN,?
KOOKOOLIGIT MOUNTAINS,ALASKA-W,63.6,-170.43,673,SHIELD VOLCANO,HOLOCENE,U
KOOLAU,HAWAIIAN IS,21.37,-157.8,941,SHIELD VOLCANO,HOLOCENE?,?
KORANGA,NEW GUINEA,-7.33,146.708,0,EXPLOSION CRATER,HOLOCENE,U
KORATH RANGE,ETHIOPIA,5.1,35.88,912,TUFF CONES,HOLOCENE?,?
KORO,FIJI IS-SW PACIFIC,-17.32,179.4,522,CINDER CONES,HOLOCENE?,?
KOROSI,AFRICA-E,0.77,36.12,1446,SHIELD VOLCANO,HOLOCENE,U
KORYAKSKY,KAMCHATKA,53.32,158.688,3456,STRATOVOLCANO,HISTORICAL,D2
KOS,GREECE,36.829,27.257,430,FUMAROLE FIELDS,PLEISTOCENE-FUMAROLIC,Q
KOSHELEV,KAMCHATKA,51.357,156.75,1812,STRATOVOLCANO,HISTORICAL,D5
KOUSSI,AFRICA-N,19.8,18.53,3415,STRATOVOLCANO,HOLOCENE,U
KOZU-SHIMA,IZU IS-JAPAN,34.22,139.15,574,LAVA DOMES,HISTORICAL,D6
KOZYREVSKY,KAMCHATKA,55.58,158.38,2016,SHIELD VOLCANO,HOLOCENE,U
KRAFLA,ICELAND-NE,65.73,-16.78,650,CALDERA,HISTORICAL,D1
KRAINY,KAMCHATKA,56.37,159.03,1554,SHIELD VOLCANO,HOLOCENE,U
KRAKATAU,INDONESIA,-6.102,105.423,813,CALDERA,HISTORICAL,D1
KRASHENINNIKOV,KAMCHATKA,54.593,160.273,1856,CALDERA,RADIOCARBON,D5
KRISUVIK,ICELAND-SW,63.93,-22.1,379,CRATER ROWS,HISTORICAL,D6
KRONOTSKY,KAMCHATKA,54.753,160.527,3528,STRATOVOLCANO,HISTORICAL,D2
KSUDACH,KAMCHATKA,51.8,157.53,1079,STRATOVOLCANO,HISTORICAL,D2
KUCHINO-SHIMA,RYUKYU IS,29.97,129.93,627,STRATOVOLCANOES,HOLOCENE,D7
KUCHINOERABU-JIMA,RYUKYU IS,30.43,130.22,649,STRATOVOLCANOES,HISTORICAL,D1
KUEI-SHAN-TAO,TAIWAN,24.85,121.92,401,STRATOVOLCANO,PLEISTOCENE-FUMAROLIC,Q
KUJU GROUP,KYUSHU-JAPAN,33.08,131.25,1788,STRATOVOLCANOES,HISTORICAL,D1
KUKAK,ALASKA PENINSULA,58.47,-154.35,2040,STRATOVOLCANO,FUMAROLIC,U
KULA,TURKEY,38.58,28.52,750,CINDER CONES,HOLOCENE,U
KULKEV,KAMCHATKA,56.37,158.37,915,SHIELD VOLCANO,HOLOCENE,U
KUNLUN VOLC GROUP,CHINA-W,35.52,80.2,5808,PYROCLASTIC CONES,HISTORICAL,D2
KUNTOMINTAR,KURIL IS,48.77,154.02,828,HYDROTHERMAL FIELD,PLEISTOCENE-FUMAROLIC,Q
KUNYIT,SUMATRA,-2.592,101.63,2151,STRATOVOLCANO,FUMAROLIC,U
KUPREANOF,ALASKA PENINSULA,56.02,-159.8,1895,STRATOVOLCANO,HISTORICAL,D1
KURIKOMA,HONSHU-JAPAN,38.95,140.78,1628,STRATOVOLCANO,HISTORICAL,D2
KURILE LAKE,KAMCHATKA,51.45,157.12,104,CALDERA,RADIOCARBON,D7
KUROSE HOLE,IZU IS-JAPAN,33.4,139.68,-107,SUBMARINE VOLCANO,HOLOCENE?,?
KURUB,ETHIOPIA,11.88,41.208,625,SHIELD VOLCANO,HOLOCENE,U
KUSATSU-SHIRANE,HONSHU-JAPAN,36.62,138.55,2176,STRATOVOLCANOES,HISTORICAL,D1
KUTCHARO,HOKKAIDO-JAPAN,43.55,144.43,1000,CALDERA,TEPHROCHRONOLOGY,D6
KUTTARA,HOKKAIDO-JAPAN,42.5,141.18,581,STRATOVOLCANO,TEPHROCHRONOLOGY,D3
KUTUM VOLC FIELD,AFRICA-N,14.5,25.8,0,SCORIA CONES,HOLOCENE?,?
KUWAE,VANUATU-SW PACIFIC,-16.829,168.536,-2,CALDERA,HISTORICAL,D1
KVERKFJOLL,ICELAND-NE,64.65,-16.72,1920,STRATOVOLCANO,HISTORICAL,D1
KYATWA VOLC FIELD,AFRICA-C,0.45,30.25,1430,TUFF CONES,HOLOCENE?,?
LA PALMA,CANARY IS,28.58,-17.83,2426,STRATOVOLCANO,HISTORICAL,D1
LABO,LUZON-PHILIPPINES,14.02,122.792,1544,COMPOUND VOLCANO,HOLOCENE,U
LAGUNA VOLC FIELD,LUZON-PHILIPPINES,14.12,121.3,654,SCORIA CONES,ANTHROPOLOGY,D6
LAJAS,NICARAGUA,12.3,-85.73,926,SHIELD VOLCANO,HOLOCENE?,?
LAMINGTON,NEW GUINEA,-8.95,148.15,1680,STRATOVOLCANO,HISTORICAL,D2
LAMONGAN,JAVA,-8.0,113.342,1651,STRATOVOLCANO,HISTORICAL,D3
LANGILA,NEW BRITAIN-SW PAC,-5.525,148.42,1330,COMPLEX VOLCANO,HISTORICAL,D1
LANGJOKULL,ICELAND-SW,64.75,-19.98,1360,STRATOVOLCANO,RADIOCARBON,D6
LANIN,CHILE-C,-39.633,-71.5,3747,STRATOVOLCANO,HOLOCENE,U
LANZAROTE,CANARY IS,29.03,-13.63,670,FISSURE VENTS,HISTORICAL,D3
LARDERELLO,ITALY,43.25,10.87,500,EXPLOSION CRATERS,HISTORICAL,D6
LASCAR,CHILE-N,-23.37,-67.73,5592,STRATOVOLCANOES,HISTORICAL,D1
LASSEN VOLC CENTER,US-CALIFORNIA,40.492,-121.508,3187,STRATOVOLCANO,HISTORICAL,D2
LASTARRIA,CHILE-N,-25.17,-68.5,5697,STRATOVOLCANO,HOLOCENE,U
LATE,TONGA-SW PACIFIC,-18.806,-174.65,518,STRATOVOLCANO,HISTORICAL,D3
LATUKAN,MINDANAO-PHILIPPINES,7.65,124.47,2158,STRATOVOLCANO,HOLOCENE,U
LAUTARO,CHILE-S,-49.02,-73.55,3380,STRATOVOLCANO ?,HISTORICAL,D2
LAVIC LAKE,US-CALIFORNIA,34.75,-116.625,1495,VOLCANIC FIELD,HOLOCENE,U
LAWU,JAVA,-7.625,111.192,3265,STRATOVOLCANO,HOLOCENE,U
LEIZHOU BANDAO,SE ASIA,20.83,109.78,259,VOLCANIC FIELD,HOLOCENE,U
LENGAI,AFRICA-E,-2.751,35.902,2890,STRATOVOLCANO,HISTORICAL,D1
LEONARD RANGE,MINDANAO-PHILIPPINES,7.393,126.397,1190,STRATOVOLCANO,HOLOCENE,U
LEROBOLENG,LESSER SUNDA IS,-8.358,122.842,1117,COMPLEX VOLCANO,HISTORICAL,D3
LESKOV ISLAND,ANTARCTICA,-56.67,-28.13,190,STRATOVOLCANO,FUMAROLIC,U
LEUTONGEY,KAMCHATKA,57.3,159.83,1333,SHIELD VOLCANO,HOLOCENE,U
LEVEL MOUNTAIN,CANADA,58.42,-131.35,2190,SHIELD VOLCANO,HOLOCENE,U
LEWOTOBI,LESSER SUNDA IS,-8.53,122.775,1703,STRATOVOLCANOES,HISTORICAL,D1
LEWOTOLO,LESSER SUNDA IS,-8.272,123.505,1423,STRATOVOLCANO,HISTORICAL,D2
LEXONE,CHILE-N,-17.87,-69.48,5340,LAVA DOMES,HOLOCENE,U
LIADO HAYK FIELD,ETHIOPIA,9.57,40.28,878,MAARS,HOLOCENE?,?
LIAMUIGA,W INDIES,17.37,-62.8,1156,STRATOVOLCANO,RADIOCARBON,D6
LICANCABUR,CHILE-N,-22.83,-67.88,5916,STRATOVOLCANO,HOLOCENE,U
LIHIR,NEW IRELAND-SW PACIF,-3.125,152.642,700,VOLCANIC COMPLEX,HOLOCENE,U
LIPARI,ITALY,38.48,14.95,602,STRATOVOLCANO,HISTORICAL,D6
LITTLE SITKIN,ALEUTIAN IS,51.95,178.53,1188,STRATOVOLCANO,HISTORICAL,D3
LJOSUFJOLL,ICELAND-W,64.87,-22.23,988,FISSURE VENTS,ANTHROPOLOGY,D6
LLAIMA,CHILE-C,-38.692,-71.729,3125,STRATOVOLCANO,HISTORICAL,D1
LLULLAILLACO,CHILE-N,-24.72,-68.53,6739,STRATOVOLCANO,HISTORICAL,D3
LOIHI,HAWAIIAN IS,18.92,-155.27,-975,SUBMARINE VOLCANO,HISTORICAL,D1
LOKI-FOGRUFJOLL,ICELAND-NE,64.48,-17.8,1570,SUBGLACIAL VOLCANO,HISTORICAL,D2
LOKON-EMPUNG,SULAWESI-INDONESIA,1.358,124.792,1580,STRATOVOLCANO,HISTORICAL,D1
LOLO,NEW BRITAIN-SW PAC,-5.47,150.5,805,STRATOVOLCANO,HOLOCENE?,?
LOLOBAU,NEW BRITAIN-SW PAC,-4.92,151.158,858,CALDERA,HISTORICAL,D2
LOLORU,BOUGAINVILLE-SW PACI,-6.52,155.62,1887,PYROCLASTIC SHIELD,RADIOCARBON,D7
LOMONOSOV GROUP,KURIL IS,50.25,155.43,1681,CINDER CONES,HOLOCENE,U
LONG ISLAND,NEW GUINEA-NE OF,-5.358,147.12,1280,COMPLEX VOLCANO,HISTORICAL,D1
LONG VALLEY,US-CALIFORNIA,37.7,-118.87,3390,CALDERA,PLEISTOCENE-FUMAROLIC,Q
LONGAVI,CHILE-C,-36.193,-71.161,3242,STRATOVOLCANO,HOLOCENE,U
LONGGANG GROUP,CHINA-E,42.33,126.5,1000,CINDER CONES,RADIOCARBON,D4
LONGONOT,AFRICA-E,-0.92,36.45,2776,STRATOVOLCANO,ANTHROPOLOGY,D3
LONQUIMAY,CHILE-C,-38.377,-71.58,2865,STRATOVOLCANO,HISTORICAL,D1
LOPEVI,VANUATU-SW PACIFIC,-16.507,168.346,1413,STRATOVOLCANO,HISTORICAL,D1
LOWER CHINDWIN,SE ASIA,22.28,95.1,385,VOLCANIC FIELD,HOLOCENE?,?
LUBUKRAYA,SUMATRA,1.478,99.209,1862,STRATOVOLCANO,HOLOCENE?,?
LUMUT BALAI,SUMATRA,-4.22,103.62,2055,STRATOVOLCANO ?,FUMAROLIC,U
LUNAYYIR,ARABIA-W,25.17,37.75,1370,VOLCANIC FIELD,HISTORICAL,D6
LURUS,JAVA,-7.7,113.58,539,COMPLEX VOLCANO,HOLOCENE,?
LVINAYA PAST,KURIL IS,44.62,147.0,528,STRATOVOLCANO,RADIOCARBON,D7
LYSUHOLL,ICELAND-W,64.87,-23.25,540,PYROCLASTIC CONES,HOLOCENE,U
MA ALALTA,ETHIOPIA,13.02,40.2,1815,STRATOVOLCANO,HOLOCENE,U
MACA,CHILE-S,-45.1,-73.2,2960,STRATOVOLCANO,HOLOCENE,U
MACAULEY ISLAND,KERMADEC IS,-30.2,-178.47,238,CALDERA,HOLOCENE,U
MACDONALD,AUSTRAL IS-C PACIFIC,-28.98,-140.25,-50,SUBMARINE VOLCANO,HISTORICAL,D1
MACHIN,COLOMBIA,4.48,-75.4,2650,STRATOVOLCANO,RADIOCARBON,D6
MACIZO DE LARANCAGUA,BOLIVIA,-18.25,-68.53,5520,STRATOVOLCANO,HOLOCENE?,?
MACIZO DE PACUNI,BOLIVIA,-18.32,-68.8,5400,STRATOVOLCANO,HOLOCENE?,?
MADERAS,NICARAGUA,11.446,-85.515,1394,STRATOVOLCANO,HOLOCENE,U
MADILOGO,NEW GUINEA,-9.2,147.57,850,PYROCLASTIC CONE,HOLOCENE,U
MAGASO,PHILIPPINES-C,9.258,123.175,1904,STRATOVOLCANO,HOLOCENE,U
MAGEIK,ALASKA PENINSULA,58.2,-155.25,2165,STRATOVOLCANO,HISTORICAL,D2
MAHAGNOA,PHILIPPINES-C,10.872,124.853,800,STRATOVOLCANO,FUMAROLIC,U
MAHAWU,SULAWESI-INDONESIA,1.358,124.858,1324,STRATOVOLCANO,HISTORICAL,D1
MAIPO,CHILE-C,-34.161,-69.833,5264,CALDERA,HISTORICAL,D2
MAKATURING,MINDANAO-PHILIPPINES,7.647,124.32,1940,STRATOVOLCANO,HOLOCENE,U
MAKIAN,HALMAHERA-INDONESIA,0.32,127.4,1357,STRATOVOLCANO,HISTORICAL,D1
MAKUSHIN,ALEUTIAN IS,53.9,-166.93,2036,STRATOVOLCANO,HISTORICAL,D1
MALABAR,JAVA,-7.13,107.65,2343,STRATOVOLCANO,HOLOCENE?,?
MALANG PLAIN,JAVA,-8.02,112.68,680,MAARS,HOLOCENE,U
MALINAO,LUZON-PHILIPPINES,13.422,123.597,1548,STRATOVOLCANO,FUMAROLIC,U
MALINCHE,MEXICO,19.23,-98.03,4503,STRATOVOLCANO,RADIOCARBON,D7
MALINDANG,MINDANAO-PHILIPPINES,8.22,123.63,2435,STRATOVOLCANO,HOLOCENE,U
MALINDIG,LUZON-PHILIPPINES,13.24,122.018,1157,STRATOVOLCANO ?,HOT SPRINGS,U
MALLAHLE,ETHIOPIA,13.27,41.65,1875,STRATOVOLCANO,HOLOCENE?,?
MALY PAYALPAN,KAMCHATKA,55.82,157.98,1802,SHIELD VOLCANOES,HOLOCENE,U
MALY SEMIACHIK,KAMCHATKA,54.13,159.67,1560,CALDERA,HISTORICAL,D2
MANAGLASE PLATEAU,NEW GUINEA,-9.08,148.33,1342,VOLCANIC FIELD,ANTHROPOLOGY,U
MANAM,NEW GUINEA-NE OF,-4.1,145.061,1807,STRATOVOLCANO,HISTORICAL,D1
MANDA HARARO,ETHIOPIA,12.17,40.82,600,SHIELD VOLCANOES,HOLOCENE,U
MANDA-INAKIR,ETHIOPIA,12.38,42.2,600,FISSURE VENTS,HISTORICAL,D2
MANDALAGAN,PHILIPPINES-C,10.615,123.22,1879,STRATOVOLCANO,HOLOCENE,U
MANENGOUBA,AFRICA-W,5.03,9.83,2411,STRATOVOLCANO,HOLOCENE,U
MANUK,BANDA SEA,-5.53,130.292,282,STRATOVOLCANO,FUMAROLIC,U
MAQUILING,LUZON-PHILIPPINES,14.13,121.2,1090,STRATOVOLCANO,HOLOCENE,U
MARAPI,SUMATRA,-0.381,100.473,2891,COMPLEX VOLCANO,HISTORICAL,D1
MARCHENA,GALAPAGOS,0.33,-90.47,343,SHIELD VOLCANO,HISTORICAL,D1
MARE,HALMAHERA-INDONESIA,0.57,127.4,308,UNKNOWN,HOLOCENE,U
MARHA,ARABIA-S,15.28,44.22,2650,TUFF CONE,HOLOCENE,U
MARION ISLAND,INDIAN O-S,-46.9,37.75,1230,SHIELD VOLCANOES,HISTORICAL,D1
MARIVELES,LUZON-PHILIPPINES,14.5,120.5,1420,STRATOVOLCANO,RADIOCARBON,D7
MARKAGUNT PLATEAU,US-UTAH,37.58,-112.67,2840,VOLCANIC FIELD,DENDROCHRONOLOGY,D6
MAROA,NEW ZEALAND,-38.42,176.08,1156,CALDERAS,TEPHROCHRONOLOGY,D6
MARRA,AFRICA-N,12.95,24.27,3042,VOLCANIC FIELD,RADIOCARBON,D7
MARSABIT,AFRICA-E,2.32,37.97,1707,SHIELD VOLCANO,HOLOCENE?,?
MARTIN,ALASKA PENINSULA,58.17,-155.35,1860,STRATOVOLCANO,HISTORICAL,D2
MASARAGA,LUZON-PHILIPPINES,13.32,123.6,1328,STRATOVOLCANO,HOLOCENE,U
MASAYA,NICARAGUA,11.984,-86.161,635,CALDERA,HISTORICAL,D1
MASCOTA VOLC FIELD,MEXICO,20.62,-104.83,2540,SHIELD VOLCANOES,HOLOCENE,U
MASHKOVTSEV,KAMCHATKA,51.1,156.72,503,STRATOVOLCANO,HOLOCENE,U
MASHU,HOKKAIDO-JAPAN,43.57,144.57,855,CALDERA,RADIOCARBON,D6
MAT ALA,ETHIOPIA,13.1,41.15,523,SHIELD VOLCANO,HOLOCENE,U
MATTHEW ISLAND,SW PACIFIC,-22.33,171.32,177,STRATOVOLCANO,HISTORICAL,D2
MATUTUM,MINDANAO-PHILIPPINES,6.37,125.108,2293,STRATOVOLCANO,HOLOCENE,U
MAULE,CHILE-C,-36.02,-70.58,3092,STRATOVOLCANOES,HOLOCENE,U
MAUNA KEA,HAWAIIAN IS,19.82,-155.47,4206,SHIELD VOLCANO,RADIOCARBON,D7
MAUNA LOA,HAWAIIAN IS,19.475,-155.608,4170,SHIELD VOLCANO,HISTORICAL,D1
MAY-YA-MOTO,AFRICA-C,-0.93,29.33,950,FUMAROLE FIELD,FUMAROLIC,?
MAYON,LUZON-PHILIPPINES,13.257,123.685,2462,STRATOVOLCANO,HISTORICAL,D1
MAYOR ISLAND,NEW ZEALAND,-37.28,176.25,355,SHIELD VOLCANO,RADIOCARBON,D7
MCDONALD ISLANDS,INDIAN O-S,-53.03,72.6,186,COMPLEX VOLCANO,HISTORICAL,D1
MEAGER,CANADA,50.63,-123.5,2680,COMPLEX VOLCANO,RADIOCARBON,D7
MEDICINE LAKE,US-CALIFORNIA,41.58,-121.57,2412,SHIELD VOLCANO,RADIOCARBON,D6
MEDVEZHIA,KURIL IS,45.38,148.83,1124,SOMMA VOLCANO,HISTORICAL,D1
MEGA BASALT FIELD,ETHIOPIA,4.08,37.42,1067,PYROCLASTIC CONES,HOLOCENE,U
MEGATA,HONSHU-JAPAN,39.95,139.73,291,MAARS,TEPHROCHRONOLOGY,D7
MEHETIA,SOCIETY IS-C PACIFIC,-17.87,-148.07,435,STRATOVOLCANO,ANTHROPOLOGY,U
MEIDOB VOLC FIELD,AFRICA-N,15.32,26.47,2000,SCORIA CONES,HOLOCENE,D7
MELBOURNE,ANTARCTICA,-74.35,164.7,2732,STRATOVOLCANO,TEPHROCHRONOLOGY,D4
MELIMOYU,CHILE-S,-44.08,-72.88,2400,STRATOVOLCANO,HOLOCENE,U
MENCHECA,CHILE-C,-40.534,-72.038,1840,STRATOVOLCANO,HOLOCENE,U
MENDELEEV,KURIL IS,43.98,145.7,887,STRATOVOLCANO,HISTORICAL,D3
MENENGAI,AFRICA-E,-0.2,36.07,2278,SHIELD VOLCANO,TEPHROCHRONOLOGY,D7
MENTOLAT,CHILE-S,-44.67,-73.08,1660,STRATOVOLCANO,HOLOCENE?,?
MERAPI,JAVA,-7.542,110.442,2947,STRATOVOLCANO,HISTORICAL,D1
MERBABU,JAVA,-7.45,110.43,3145,STRATOVOLCANO,HISTORICAL,D4
MERE LAVA,VANUATU-SW PACIFIC,-14.45,168.05,1028,STRATOVOLCANO,HOLOCENE,U
MERU,AFRICA-E,-3.25,36.75,4565,STRATOVOLCANO,HISTORICAL,D2
METHANA,GREECE,37.615,23.336,760,LAVA DOMES,HISTORICAL,D7
METIS SHOAL,TONGA-SW PACIFIC,-19.18,-174.87,43,SUBMARINE VOLCANO,HISTORICAL,D1
MEZHDUSOPOCHNY,KAMCHATKA,57.47,160.25,1641,SHIELD VOLCANO,HOLOCENE,U
MICHAEL,ANTARCTICA,-57.78,-26.45,990,STRATOVOLCANO,HISTORICAL,D3
MICHOACAN-GUANAJUATO,MEXICO,19.48,-102.25,3860,CINDER CONES,HISTORICAL,D2
MICOTRIN,W INDIES,15.33,-61.33,1387,LAVA DOMES,HISTORICAL,D3
MIDDLE GOBI,MONGOLIA,45.28,106.7,1120,CINDER CONES,HOLOCENE?,?
MILBANKE SOUND GROUP,CANADA,52.5,-128.73,335,CINDER CONES,HOLOCENE,U
MILNE,KURIL IS,46.82,151.78,1540,SOMMA VOLCANO,HOLOCENE,U
MILOS,GREECE,36.699,24.439,751,STRATOVOLCANOES,HOLOCENE,U
MINAMI-HIYOSHI,VOLCANO IS-JAPAN,23.507,141.905,-30,SUBMARINE VOLCANO,HISTORICAL,D1
MINCHINMAVIDA,CHILE-S,-42.78,-72.43,2404,STRATOVOLCANO,HISTORICAL,D3
MIRAVALLES,COSTA RICA,10.748,-85.153,2028,STRATOVOLCANO,HISTORICAL,D2
MISTI,PERU,-16.294,-71.409,5822,STRATOVOLCANO,HISTORICAL,D4
MIYAKE-JIMA,IZU IS-JAPAN,34.08,139.53,815,STRATOVOLCANO,HISTORICAL,D1
MOCHO-CHOSHUENCO,CHILE-C,-39.927,-72.027,2422,STRATOVOLCANO,HISTORICAL,D2
MOFFETT,ALEUTIAN IS,51.93,-176.75,1196,STRATOVOLCANO,HOLOCENE,U
MOIRO,BOLIVIA,-21.68,-67.47,4250,SCORIA CONE,HOLOCENE?,?
MOJANDA,ECUADOR,0.13,-78.27,4263,STRATOVOLCANOES,HOLOCENE?,?
MOMBACHO,NICARAGUA,11.826,-85.968,1344,STRATOVOLCANO,HOLOCENE,U
MOMOTOMBO,NICARAGUA,12.422,-86.54,1297,STRATOVOLCANO,HISTORICAL,D2
MONACO BANK,AZORES,37.6,-25.88,-197,SUBMARINE VOLCANO,HISTORICAL,D2
MONDACA,CHILE-C,-35.464,-70.8,2048,LAVA DOME,HOLOCENE,U
MONO CRATERS,US-CALIFORNIA,37.88,-119.0,2796,LAVA DOMES,RADIOCARBON,D6
MONO LAKE VOLC FIELD,US-CALIFORNIA,38.0,-119.03,2121,CINDER CONES,TEPHROCHRONOLOGY,D4
MONOWAI SEAMOUNT,KERMADEC IS,-25.887,-177.188,-100,SUBMARINE VOLCANO,HISTORICAL,D1
MOTI,HALMAHERA-INDONESIA,0.45,127.4,950,STRATOVOLCANO,HOLOCENE,U
MOTLAV,VANUATU-SW PACIFIC,-13.67,167.67,411,STRATOVOLCANO,HOLOCENE,U
MOUA PIHAA,SOCIETY IS-C PACIFIC,-18.32,-148.67,-180,SUBMARINE VOLCANO,SEISMICITY,U
MOUSA ALLI,ETHIOPIA,12.47,42.4,2028,STRATOVOLCANO,HOLOCENE,U
MOYUTA,GUATEMALA,14.03,-90.1,1662,STRATOVOLCANO,HOT SPRINGS,U
MUHAVURA,AFRICA-C,-1.38,29.67,4127,STRATOVOLCANO,HOLOCENE,U
MUNDUA,NEW BRITAIN-SW PAC,-4.63,149.35,179,COMPLEX VOLCANO,HOLOCENE,U
MUSA RIVER,NEW GUINEA,-9.308,148.13,808,HYDROTHERMAL FIELD,HOT SPRINGS,?
MUTNOVSKY,KAMCHATKA,52.453,158.195,2322,COMPLEX VOLCANO,HISTORICAL,D2
MUTSU-HIUCHI-DAKE,HONSHU-JAPAN,41.43,141.07,781,STRATOVOLCANO,FUMAROLIC,U
MYOKO,HONSHU-JAPAN,36.88,138.12,2446,STRATOVOLCANO,RADIOCARBON,D7
NE UDOKAN PLATEAU,RUSSIA-SE,56.33,118.07,2180,VOLCANIC FIELD,HOLOCENE,U
NABRO,ETHIOPIA,13.37,41.7,2218,STRATOVOLCANO,HOLOCENE?,?
NAKANO-SHIMA,RYUKYU IS,29.85,129.87,979,STRATOVOLCANOES,HISTORICAL,D2
NAMARUNU,AFRICA-E,1.9,36.27,817,SHIELD VOLCANO,TEPHROCHRONOLOGY,D7
NANTAI,HONSHU-JAPAN,36.77,139.5,2484,STRATOVOLCANO,HOLOCENE,U
NAOLINCO VOLC FIELD,MEXICO,19.67,-96.75,2000,PYROCLASTIC CONES,HOLOCENE,U
NARAGE,NEW BRITAIN-SW PAC,-4.55,149.125,307,STRATOVOLCANO,PLEISTOCENE-GEYSERS,Q
NARCONDUM,ANDAMAN IS-INDIAN O,13.43,94.25,710,STRATOVOLCANO,HOLOCENE,U
NARUGO,HONSHU-JAPAN,38.73,140.73,462,CALDERA,HISTORICAL,D6
NASU,HONSHU-JAPAN,37.12,139.97,1917,STRATOVOLCANOES,HISTORICAL,D2
NATIB,LUZON-PHILIPPINES,14.705,120.4,1287,STRATOVOLCANO,HOLOCENE?,?
NAZKO,CANADA,52.9,-123.73,1230,CINDER CONES,RADIOCARBON,D7
NDETE NAPU,LESSER SUNDA IS,-8.72,121.78,750,FUMAROLE FIELD,FUMAROLIC,?
NEGRA,GALAPAGOS,-0.83,-91.17,1490,SHIELD VOLCANO,HISTORICAL,D1
NEGRILLAR,CHILE-N,-24.18,-68.25,3500,PYROCLASTIC CONES,HOLOCENE?,?
NEGRILLAR,CHILE-N,-24.28,-68.6,4109,PYROCLASTIC CONES,HOLOCENE?,?
NEGRO DE MAYASQUER,COLOMBIA,0.828,-77.964,4445,STRATOVOLCANO,HOLOCENE?,D2
NEGRO,NICARAGUA,12.506,-86.702,728,CINDER CONES,HISTORICAL,D1
NEJAPA-MIRAFLORES,NICARAGUA,12.12,-86.32,360,FISSURE VENTS,HOLOCENE,U
NEMO PEAK,KURIL IS,49.57,154.808,1018,CALDERA,HISTORICAL,D2
NEMRUT DAGI,TURKEY,38.65,42.02,3050,STRATOVOLCANO,HISTORICAL,D6
NEVADA,CHILE,-26.48,-68.58,6127,COMPLEX VOLCANO,HOLOCENE,U
NEVIS PEAK,W INDIES,17.15,-62.58,985,STRATOVOLCANO,HOLOCENE,U
NEWBERRY VOLCANO,US-OREGON,43.722,-121.229,2434,SHIELD VOLCANO,RADIOCARBON,D6
NEWER VOLCANICS PROV,AUSTRALIA,-37.77,142.5,1011,SHIELD VOLCANOES,RADIOCARBON,D7
NGAOUNDERE PLATEAU,AFRICA-W,7.25,13.67,0,VOLCANIC FIELD,HOLOCENE?,?
NGOZI,AFRICA-E,-8.97,33.57,2622,CALDERA,HOLOCENE,U
NIEUWERKERK,BANDA SEA,-6.6,124.675,-2285,SUBMARINE VOLCANO ?,UNCERTAIN,?
NIGORIGAWA,HOKKAIDO-JAPAN,42.12,140.45,356,HYDROTHERMAL FIELD,PLEISTOCENE-FUMAROLIC,Q
NII-JIMA,IZU IS-JAPAN,34.37,139.27,432,LAVA DOMES,HISTORICAL,D6
NIIGATA-YAKE-YAMA,HONSHU-JAPAN,36.92,138.03,2400,LAVA DOME,HISTORICAL,D1
NIKKO,VOLCANO IS-JAPAN,23.075,142.308,-391,SUBMARINE VOLCANO,UNCERTAIN,?
NIKKO-SHIRANE,HONSHU-JAPAN,36.8,139.38,2578,SHIELD VOLCANO,HISTORICAL,D3
NILA,BANDA SEA,-6.73,129.5,781,STRATOVOLCANO,HISTORICAL,D1
NIPESOTSU-UPEPESANKE,JAPAN,43.45,143.03,2013,LAVA DOMES,HISTORICAL,D3
NISEKO,HOKKAIDO-JAPAN,42.88,140.63,1154,STRATOVOLCANOES,HOLOCENE,U
NISHINO-SHIMA,VOLCANO IS-JAPAN,27.243,140.877,52,CALDERA,HISTORICAL,D1
NISYROS,GREECE,36.58,27.18,698,STRATOVOLCANO,HISTORICAL,D3
NIUAFO'OU,TONGA-SW PACIFIC,-15.6,-175.63,260,SHIELD VOLCANO,HISTORICAL,D1
NONDA,SOLOMON IS-SW PACIFI,-7.67,156.6,760,STRATOVOLCANO,PLEISTOCENE-FUMAROLIC,Q
NORIKURA,HONSHU-JAPAN,36.12,137.55,3026,STRATOVOLCANOES,RADIOCARBON,D7
NORTH GORDA RIDGE,PACIFIC-NE,42.67,-126.78,-3000,SUBMARINE VOLCANO,HISTORICAL,D1
NORTH ISLAND,AFRICA-E,4.07,36.05,520,TUFF CONES,HOLOCENE,U
NORTH SISTER FIELD,US-OREGON,44.17,-121.77,3074,COMPLEX VOLCANO,RADIOCARBON,D6
NORTH VATE,VANUATU-SW PACIFIC,-17.45,168.33,594,STRATOVOLCANOES,HOLOCENE,U
NOSY-BE,MADAGASCAR,-13.32,48.48,214,CINDER CONES,HOLOCENE,U
NOVARUPTA,ALASKA PENINSULA,58.27,-155.16,841,CALDERA,HISTORICAL,D2
NUEVO MUNDO,BOLIVIA,-19.78,-66.48,5438,LAVA DOMES,HOLOCENE,U
NUMAZAWA,HONSHU-JAPAN,37.43,139.58,1100,SHIELD VOLCANO,RADIOCARBON,D7
NUNIVAK ISLAND,ALASKA-W,60.02,-166.33,511,SHIELD VOLCANO,HOLOCENE,U
NYAMBENI HILLS,AFRICA-E,0.23,37.87,750,SHIELD VOLCANO,HOLOCENE,U
NYAMURAGIRA,AFRICA-C,-1.408,29.2,3058,SHIELD VOLCANO,HISTORICAL,D1
NYIRAGONGO,AFRICA-C,-1.52,29.25,3470,STRATOVOLCANO,HISTORICAL,D1
OFU-OLOSEGA,SAMOA-SW PACIFIC,-14.175,-169.618,639,SHIELD VOLCANOES,HISTORICAL,D3
OJOS DEL SALADO,CHILE-N,-27.12,-68.53,6887,STRATOVOLCANO,HOLOCENE,U
OKA VOLC FIELD,RUSSIA-SE,52.7,98.98,2077,CINDER CONES,HOLOCENE,U
OKATAINA,NEW ZEALAND,-38.12,176.5,1111,LAVA DOMES,HISTORICAL,D1
OKI-DOGO,HONSHU-JAPAN,36.17,133.33,151,SHIELD VOLCANO,ANTHROPOLOGY,U
OKMOK,ALEUTIAN IS,53.42,-168.13,1073,SHIELD VOLCANO,HISTORICAL,D1
OKU VOLC FIELD,AFRICA-W,6.25,10.5,3011,MAARS,RADIOCARBON,D5
OL KOKWE,AFRICA-E,0.63,36.08,1130,SHIELD VOLCANO,HOLOCENE,U
OLCA-PARUMA,CHILE-N,-20.93,-68.48,5407,STRATOVOLCANOES,HISTORICAL,D3
OLKARIA,AFRICA-E,-0.904,36.292,2434,PUMICE CONES,RADIOCARBON,D4
OLKOVIY,KAMCHATKA,52.077,157.477,636,SHIELD VOLCANO,HOLOCENE,U
OLLAGUE,CHILE-N,-21.3,-68.18,5868,STRATOVOLCANO,HOLOCENE,U
OLOT VOLC FIELD,SPAIN,42.17,2.53,893,PYROCLASTIC CONES,HOLOCENE?,?
OMACHI SEAMOUNT,IZU IS-JAPAN,29.22,140.8,-1700,SUBMARINE VOLCANO,UNCERTAIN,?
OMANAGO GROUP,HONSHU-JAPAN,36.78,139.5,2367,LAVA DOMES,HOLOCENE,U
ON-TAKE,HONSHU-JAPAN,35.9,137.48,3063,COMPLEX VOLCANO,HISTORICAL,D1
OPALA,KAMCHATKA,52.543,157.335,2475,CALDERA,RADIOCARBON,D6
ORAEFAJOKULL,ICELAND-SE,64.0,-16.65,2119,STRATOVOLCANO,HISTORICAL,D4
ORIZABA,MEXICO,19.03,-97.268,5675,STRATOVOLCANO,HISTORICAL,D5
OROSI,COSTA RICA,10.98,-85.473,1659,STRATOVOLCANOES,UNCERTAIN,?
OSHIMA,IZU IS-JAPAN,34.73,139.38,758,STRATOVOLCANO,HISTORICAL,D1
OSHIMA-OSHIMA,HOKKAIDO-JAPAN,41.5,139.37,737,STRATOVOLCANO,HISTORICAL,D4
OSORE-YAMA,HONSHU-JAPAN,41.32,141.08,879,STRATOVOLCANO,HISTORICAL,D4
OSORNO,CHILE-S,-41.1,-72.493,2652,STRATOVOLCANO,HISTORICAL,D3
OSTANETS,KAMCHATKA,52.146,157.322,719,SHIELD VOLCANOES,HOLOCENE,U
OSTRY,KAMCHATKA,58.18,160.82,2552,STRATOVOLCANOES,HOLOCENE,U
OTDELNIY,KAMCHATKA,52.22,157.428,791,SHIELD VOLCANOES,HOLOCENE,U
OVERO,CHILE-N,-23.35,-67.67,4555,MAAR,HOLOCENE,U
OZERNOY,KAMCHATKA,51.88,157.38,562,SHIELD VOLCANO,HOLOCENE,U
PACAYA,GUATEMALA,14.381,-90.601,2552,COMPLEX VOLCANO,HISTORICAL,D1
PACO,MINDANAO-PHILIPPINES,9.593,125.52,524,STRATOVOLCANO,ANTHROPOLOGY,U
PAGAN,MARIANA IS-C PACIFIC,18.13,145.8,570,STRATOVOLCANOES,HISTORICAL,D1
PAGO,NEW BRITAIN-SW PAC,-5.58,150.52,742,CALDERA,HISTORICAL,D2
PAKA,AFRICA-E,0.92,36.18,1697,SHIELD VOLCANO,AR/AR,D7
PALEI-AIKE VOLC FIELD,CHILE-S,-52.0,-70.0,250,CINDER CONES,ANTHROPOLOGY,D7
PALENA VOLC GROUP,CHILE-S,-43.68,-72.5,0,CINDER CONES,HOLOCENE,U
PALOMO,CHILE-C,-34.608,-70.295,4860,STRATOVOLCANO,HOLOCENE,U
PALUWEH,LESSER SUNDA IS,-8.32,121.708,875,STRATOVOLCANO,HISTORICAL,D1
PAMPA LUXSAR,BOLIVIA,-20.85,-68.2,5543,VOLCANIC FIELD,HOLOCENE,U
PAN DE AZUCAR,ECUADOR,-0.43,-77.72,3482,STRATOVOLCANO,HOLOCENE,U
PANAY,LUZON-PHILIPPINES,13.723,120.893,501,STRATOVOLCANO,PLEISTOCENE-FUMAROLIC,Q
PANTELLERIA,ITALY,36.77,12.02,836,SHIELD VOLCANO,HISTORICAL,D3
PANTOJA,CHILE-C,-40.77,-71.95,2112,STRATOVOLCANO,HOLOCENE,U
PAPANDAYAN,JAVA,-7.32,107.73,2665,STRATOVOLCANO,HISTORICAL,D2
PAPAYO,MEXICO,19.308,-98.7,3600,LAVA DOME,HOLOCENE,U
PARINACOTA,CHILE-N,-18.17,-69.15,6348,STRATOVOLCANO,HOLOCENE,U
PARKER,MINDANAO-PHILIPPINES,6.12,124.892,1824,STRATOVOLCANO,HISTORICAL,D5
PATAH,SUMATRA,-4.27,103.3,2817,UNKNOWN,UNCERTAIN,?
PATATES,W INDIES,15.22,-61.37,960,STRATOVOLCANO,RADIOCARBON,D5
PATILLA PATA,BOLIVIA,-18.05,-69.03,5300,STRATOVOLCANO,HOLOCENE?,?
PATOC,LUZON-PHILIPPINES,17.147,120.98,1865,STRATOVOLCANO,FUMAROLIC,U
PATUHA,JAVA,-7.15,107.37,2434,STRATOVOLCANO,HOLOCENE,U
PAULET,ANTARCTICA,-63.58,-55.77,353,CINDER CONE,HOLOCENE,U
PAVLOF,ALASKA PENINSULA,55.42,-161.9,2519,STRATOVOLCANO,HISTORICAL,D1
PAVLOF SISTER,ALASKA PENINSULA,55.45,-161.87,2142,STRATOVOLCANO,HISTORICAL,D4
PAYUN MATRU,ARGENTINA,-36.42,-69.2,3691,SHIELD VOLCANO,HOLOCENE,U
PEINADO,ARGENTINA,-26.62,-68.15,5740,STRATOVOLCANO,HOLOCENE,U
PELEE,W INDIES,14.82,-61.17,1397,STRATOVOLCANO,HISTORICAL,D2
PENANGGUNGAN,JAVA,-7.62,112.63,1653,STRATOVOLCANO,HOLOCENE,U
PENDAN,SUMATRA,-2.82,102.02,0,UNKNOWN,HOLOCENE,U
PENG-CHIA-HSU,TAIWAN-N OF,25.63,122.07,129,STRATOVOLCANO,PLEISTOCENE-FUMAROLIC,Q
PENGUIN ISLAND,ANTARCTICA,-62.1,-57.93,180,STRATOVOLCANO,LICHENOMETRY,D2
PERBAKTI,JAVA,-6.75,106.68,1699,STRATOVOLCANO,FUMAROLIC,U
PETACAS,COLOMBIA,1.57,-76.78,4054,LAVA DOME,HOLOCENE?,?
PETER I ISLAND,ANTARCTICA,-68.85,-90.58,1640,SHIELD VOLCANO,HOLOCENE,U
PEUET SAGUE,SUMATRA,4.914,96.329,2801,COMPLEX VOLCANO,HISTORICAL,D1
PICO,AZORES,38.47,-28.4,2351,STRATOVOLCANO,HISTORICAL,D4
PIIP,KAMCHATKA-E OF,55.42,167.33,-300,SUBMARINE VOLCANO,TEPHROCHRONOLOGY,D7
PILAS,NICARAGUA,12.495,-86.688,1088,COMPLEX VOLCANO,HISTORICAL,D2
PINA,CHILE-N,-19.492,-68.65,4037,UNKNOWN,HOLOCENE?,?
PINACATE,MEXICO,31.772,-113.498,1200,CINDER CONES,HOLOCENE,U
PINATUBO,LUZON-PHILIPPINES,15.13,120.35,1486,STRATOVOLCANO,HISTORICAL,D1
PINTA,GALAPAGOS,0.58,-90.75,780,SHIELD VOLCANO,HISTORICAL,D2
PIRATKOVSKY,KAMCHATKA,52.113,157.849,1322,STRATOVOLCANO,HOLOCENE,U
PLANCHON-PETEROA,CHILE-C,-35.24,-70.57,4107,CALDERAS,HISTORICAL,D1
PLATANAR,COSTA RICA,10.3,-84.366,2267,STRATOVOLCANOES,HOLOCENE,U
PLEIADES,ANTARCTICA,-72.67,165.5,3040,STRATOVOLCANO,K-AR,D7
PLOSKY,KAMCHATKA,57.83,160.25,1255,SHIELD VOLCANO,HOLOCENE,U
PLOSKY,KAMCHATKA,55.2,158.47,1236,SHIELD VOLCANO,HOLOCENE,U
PLOSKY VOLC GROUP,KAMCHATKA,52.02,157.53,681,VOLCANIC FIELD,HOLOCENE,U
POAS,COSTA RICA,10.2,-84.233,2708,STRATOVOLCANO,HISTORICAL,D1
POCDOL MOUNTAINS,LUZON-PHILIPPINES,13.05,123.958,1102,COMPOUND VOLCANO,HOLOCENE,U
POCO LEOK,LESSER SUNDA IS,-8.68,120.48,1675,UNKNOWN,FUMAROLIC,U
POGRANYCHNY,KAMCHATKA,56.85,159.8,1427,SHIELD VOLCANOES,HOLOCENE,U
POPA,SE ASIA,20.87,95.23,1518,STRATOVOLCANO,ANTHROPOLOGY,D7
POPOCATEPETL,MEXICO,19.023,-98.622,5426,STRATOVOLCANOES,HISTORICAL,D1
POSSESSION,INDIAN O-S,-46.42,51.63,934,STRATOVOLCANO,HOLOCENE,U
POTATO BUTTE,US-CALIFORNIA,40.63,-121.43,1532,SHIELD VOLCANOES,HOLOCENE?,?
PRESTAHNUKUR,ICELAND-SW,64.6,-20.58,1390,SUBGLACIAL VOLCANO,RADIOCARBON,D7
PREVO PEAK,KURIL IS,47.02,152.12,1360,STRATOVOLCANO,HISTORICAL,D3
PRIETO,MEXICO,32.418,-115.305,223,LAVA DOME,HOLOCENE?,?
PRINCE EDWARD ISLAND,INDIAN O-S,-46.63,37.95,672,SHIELD VOLCANO,HOLOCENE,U
PROTECTOR SHOAL,ANTARCTICA,-55.92,-28.08,-27,SUBMARINE VOLCANO,HISTORICAL,D2
PUCHULDIZA,CHILE-N,-19.42,-68.97,4500,HYDROTHERMAL FIELD,PLEISTOCENE-GEYSERS,Q
PUESTO CORTADERAS,ARGENTINA,-37.55,-69.62,970,PYROCLASTIC CONE,HOLOCENE,U
PULAR,CHILE-N,-24.18,-68.05,6233,STRATOVOLCANOES,HOLOCENE,U
PULAU WEH,SUMATRA,5.82,95.28,617,STRATOVOLCANO,PLEISTOCENE-FUMAROLIC,Q
PULULAGUA,ECUADOR,0.038,-78.463,3356,CALDERA,RADIOCARBON,D7
PUNTIAGUDO-CORDON CENIZOS,CHILE-C,-40.969,-72.264,2493,STRATOVOLCANO,HISTORICAL,D3
PURACE,COLOMBIA,2.32,-76.4,4650,STRATOVOLCANOES,HISTORICAL,D1
PURICO COMPLEX,CHILE-N,-23.0,-67.75,5703,PYROCLASTIC SHIELD,HOLOCENE,U
PUTANA,CHILE-N,-22.57,-67.87,5890,STRATOVOLCANO,HISTORICAL,D1
PUYEHUE,CHILE-C,-40.59,-72.117,2236,STRATOVOLCANO,HOLOCENE,U
PUYUHUAPI,CHILE-S,-44.3,-72.53,255,CINDER CONES,HOLOCENE,U
QAL'EH HASAN ALI,IRAN,29.4,57.57,0,MAARS,HOLOCENE?,?
QUALIBOU,W INDIES,13.83,-61.05,777,CALDERA,HISTORICAL,D4
QUETENA,BOLIVIA,-22.25,-67.42,5730,FISSURE VENT,HOLOCENE?,?
QUETRUPILLAN,CHILE-C,-39.5,-71.7,2360,CALDERA,HISTORICAL,D3
QUEZALTEPEQUE,GUATEMALA,14.65,-89.35,1200,VOLCANIC FIELD,HOLOCENE,U
QUILL,W INDIES,17.48,-62.95,601,STRATOVOLCANO,RADIOCARBON,D6
QUILOTOA,ECUADOR,-0.85,-78.9,3914,CALDERA,RADIOCARBON,D6
QUIMSACHATA,PERU,-14.37,-71.17,3923,LAVA DOME,HOLOCENE,U
RABAUL,NEW BRITAIN-SW PAC,-4.271,152.203,688,PYROCLASTIC SHIELD,HISTORICAL,D1
RAGANG,MINDANAO-PHILIPPINES,7.67,124.5,2815,STRATOVOLCANO,HISTORICAL,D2
RAHAH,ARABIA-W,27.8,36.17,1660,VOLCANIC FIELD,ANTHROPOLOGY,U
RAHAT,ARABIA-W,23.08,39.78,1744,VOLCANIC FIELD,HISTORICAL,D6
RAIKOKE,KURIL IS,48.292,153.25,551,STRATOVOLCANO,HISTORICAL,D2
RAINIER,US-WASHINGTON,46.87,-121.758,4392,STRATOVOLCANO,DENDROCHRONOLOGY,D3
RAJABASA,SUMATRA,-5.78,105.625,1281,STRATOVOLCANO,FUMAROLIC,U
RANAKAH,LESSER SUNDA IS,-8.62,120.52,2100,LAVA DOMES,HISTORICAL,D1
RANAU,SUMATRA,-4.83,103.92,1881,CALDERA,HOLOCENE?,?
RAOUL ISLAND,KERMADEC IS,-29.27,-177.92,516,STRATOVOLCANO,HISTORICAL,D1
RASSHUA,KURIL IS,47.77,153.02,956,STRATOVOLCANO,HISTORICAL,D2
RAUNG,JAVA,-8.125,114.042,3332,STRATOVOLCANO,HISTORICAL,D1
RAUSU,HOKKAIDO-JAPAN,44.073,145.125,1660,STRATOVOLCANO,TEPHROCHRONOLOGY,D3
RECHESCHNOI,ALEUTIAN IS,53.15,-168.55,1984,STRATOVOLCANO,HOLOCENE,U
RECLUS,CHILE-S,-50.98,-73.7,0,STRATOVOLCANO ?,RADIOCARBON,D7
RED CONES,US-CALIFORNIA,37.58,-119.05,2748,CINDER CONES,HOLOCENE,U
REDONDO,CHILE-C,-39.27,-71.7,1496,CINDER CONES,TEPHROCHRONOLOGY,D7
REDOUBT,ALASKA-SW,60.48,-152.75,3108,STRATOVOLCANO,HISTORICAL,D1
REPOROA,NEW ZEALAND,-38.42,176.33,592,CALDERA,TEPHROCHRONOLOGY,D6
RESAGO,CHILE-C,-36.45,-70.92,1550,CINDER CONE,HOLOCENE,U
REVENTADOR,ECUADOR,-0.078,-77.656,3562,STRATOVOLCANO,HISTORICAL,D1
REYKJANES,ICELAND-SW,63.88,-22.5,230,CRATER ROWS,HISTORICAL,D6
REYKJANESHRYGGUR,ICELAND-SW,63.67,-23.33,80,SUBMARINE VOLCANOES,HISTORICAL,D1
RIANG KOTANG,LESSER SUNDA IS,-8.3,122.892,200,FUMAROLE FIELD,FUMAROLIC,?
RINCON DE LA VIEJA,COSTA RICA,10.83,-85.324,1916,COMPLEX VOLCANO,HISTORICAL,D1
RINJANI,LESSER SUNDA IS,-8.42,116.47,3726,STRATOVOLCANO,HISTORICAL,D1
RISHIRI,HOKKAIDO-JAPAN,45.18,141.25,1719,STRATOVOLCANO,RADIOCARBON,D7
RITTER ISLAND,NEW GUINEA-NE OF,-5.52,148.121,140,STRATOVOLCANO,HISTORICAL,D1
ROBINSON CRUSOE,CHILE-IS,-33.658,-78.85,922,SHIELD VOLCANOES,HISTORICAL,D3
ROBLEDO,ARGENTINA,-26.77,-67.72,4400,CALDERA,HOLOCENE,U
ROCARD,SOCIETY IS-C PACIFIC,-17.642,-148.6,-2100,SUBMARINE VOLCANO,SEISMICITY,U
ROMANOVKA,KAMCHATKA,55.65,158.8,1442,STRATOVOLCANO,HOLOCENE,U
ROTA,NICARAGUA,12.55,-86.75,832,STRATOVOLCANO,HOLOCENE,U
ROTORUA,NEW ZEALAND,-38.08,176.27,757,CALDERA,PLEISTOCENE-GEYSERS,Q
ROUNDTOP,ALEUTIAN IS,54.8,-163.6,1871,STRATOVOLCANO,HOLOCENE,U
ROYAL SOCIETY RANGE,ANTARCTICA,-78.25,163.6,3000,CINDER CONES,HOLOCENE?,?
RUANG,SANGIHE IS-INDONESIA,2.28,125.425,725,STRATOVOLCANO,HISTORICAL,D2
RUAPEHU,NEW ZEALAND,-39.28,175.57,2797,STRATOVOLCANO,HISTORICAL,D1
RUBY,MARIANA IS-C PACIFIC,15.62,145.57,-230,SUBMARINE VOLCANO,HISTORICAL,D1
RUBY MOUNTAIN,CANADA,59.68,-133.32,1523,CINDER CONES,HISTORICAL,D3
RUDAKOV,KURIL IS,45.88,149.83,542,STRATOVOLCANO,HOLOCENE?,?
RUIZ,COLOMBIA,4.895,-75.322,5321,STRATOVOLCANO,HISTORICAL,D1
RUMBLE III,NEW ZEALAND,-35.745,178.478,-140,SUBMARINE VOLCANO,HYDROPHONIC,D1
RUMBLE IV,NEW ZEALAND,-36.13,178.05,-450,SUBMARINE VOLCANO,FUMAROLIC,U
RUMBLE V,NEW ZEALAND,-36.139,178.197,-700,SUBMARINE VOLCANO,FUMAROLIC,U
RUNGWE,AFRICA-E,-9.13,33.67,2961,STRATOVOLCANO,HOLOCENE,U
SW USANGU BASIN,AFRICA-E,-8.75,33.8,2179,LAVA DOMES,HOLOCENE,U
SABA,W INDIES,17.63,-63.23,887,STRATOVOLCANO,HISTORICAL,D5
SABANCAYA,PERU,-15.78,-71.85,5967,STRATOVOLCANOES,HISTORICAL,D1
SACABAYA,BOLIVIA,-18.62,-68.75,4215,CINDER CONE,HOLOCENE,U
SADDLE BUTTE,US-OREGON,43.0,-117.8,1700,VOLCANIC FIELD,HOLOCENE?,?
SAIRECABUR,CHILE-N,-22.73,-67.88,5971,STRATOVOLCANOES,HOLOCENE,U
SAKAR,NEW GUINEA-NE OF,-5.414,148.094,992,STRATOVOLCANO,HOLOCENE?,?
SAKURA-JIMA,KYUSHU-JAPAN,31.58,130.67,1117,STRATOVOLCANO,HISTORICAL,D1
SALAK,JAVA,-6.72,106.73,2211,STRATOVOLCANO,HISTORICAL,D2
SAN AGUSTIN,BOLIVIA,-21.25,-67.75,4980,STRATOVOLCANO,HOLOCENE?,?
SAN BORJA VOLC FIELD,MEXICO,28.5,-113.75,1360,CINDER CONES,HOLOCENE,U
SAN CARLOS,AFRICA-W,3.35,8.52,2260,SHIELD VOLCANO,HOLOCENE,U
SAN CRISTOBAL,GALAPAGOS,-0.88,-89.5,759,SHIELD VOLCANO,HOLOCENE,U
SAN CRISTOBAL,NICARAGUA,12.702,-87.004,1745,STRATOVOLCANO,HISTORICAL,D1
SAN DIEGO,EL SALVADOR,14.27,-89.48,781,VOLCANIC FIELD,HOLOCENE,U
SAN FELIX,CHILE-IS,-26.27,-80.12,183,SHIELD VOLCANO,HOLOCENE,U
SAN JOAQUIN,AFRICA-W,3.35,8.63,2009,SHIELD VOLCANO,HOLOCENE,U
SAN JORGE,AZORES,38.65,-28.08,1053,FISSURE VENT,HISTORICAL,D2
SAN JOSE,CHILE-C,-33.782,-69.897,5856,STRATOVOLCANO,HISTORICAL,D2
SAN LUIS,MEXICO,29.814,-114.384,180,TUFF CONE,HOLOCENE,U
SAN MARTIN,MEXICO,18.572,-95.169,1650,SHIELD VOLCANO,HISTORICAL,D4
SAN MIGUEL,EL SALVADOR,13.431,-88.272,2130,STRATOVOLCANO,HISTORICAL,D1
SAN PEDRO,CHILE-N,-21.88,-68.4,6145,STRATOVOLCANOES,HISTORICAL,D2
SAN PEDRO-PELLADO,CHILE-C,-35.989,-70.849,3621,STRATOVOLCANOES,HOLOCENE,U
SAN QUINTIN VOLC FIELD,MEXICO,30.468,-115.996,260,CINDER CONES,HOLOCENE,U
SAN SALVADOR,EL SALVADOR,13.736,-89.286,1893,STRATOVOLCANO,HISTORICAL,D2
SAN VICENTE,EL SALVADOR,13.623,-88.852,2182,STRATOVOLCANO,HOLOCENE,U
SAN VICENTE,CAPE VERDE IS,16.85,-24.97,725,STRATOVOLCANO,HOLOCENE,U
SANBE,HONSHU-JAPAN,35.13,132.62,1126,CALDERA,RADIOCARBON,D7
SAND MOUNTAIN FIELD,US-OREGON,44.38,-121.93,1664,CINDER CONES,RADIOCARBON,D7
SANFORD,ALASKA-E,62.22,-144.13,4949,SHIELD VOLCANO,HOLOCENE?,?
SANGANGUEY,MEXICO,21.45,-104.73,2340,STRATOVOLCANO,HOLOCENE,U
SANGAY,ECUADOR,-2.03,-78.33,5230,STRATOVOLCANO,HISTORICAL,D1
SANGEANG API,LESSER SUNDA IS,-8.18,119.058,1949,COMPLEX VOLCANO,HISTORICAL,D1
SANO,LESSER SUNDA IS,-8.68,120.025,903,CALDERA,HOLOCENE,U
SANTA ANA,EL SALVADOR,13.853,-89.63,2365,STRATOVOLCANO,HISTORICAL,D2
SANTA CLARA,US-UTAH,37.257,-113.625,1465,VOLCANIC FIELD,HOLOCENE,U
SANTA CRUZ,GALAPAGOS,-0.62,-90.33,864,SHIELD VOLCANO,HOLOCENE,U
SANTA ISABEL,COLOMBIA,4.82,-75.37,4950,SHIELD VOLCANO,RADIOCARBON,D7
SANTA ISABEL,AFRICA-W,3.58,8.75,2972,SHIELD VOLCANO,HISTORICAL,D2
SANTA ISABEL,BOLIVIA,-21.67,-66.5,5100,STRATOVOLCANO,HOLOCENE?,?
SANTA MARIA,GUATEMALA,14.756,-91.552,3772,STRATOVOLCANO,HISTORICAL,D1
SANTIAGO,GALAPAGOS,-0.22,-90.77,920,SHIELD VOLCANO,HISTORICAL,D2
SANTIAGO,GUATEMALA,14.33,-89.87,1192,VOLCANIC FIELD,HOLOCENE,U
SANTO ANTAO,CAPE VERDE IS,17.07,-25.17,1979,STRATOVOLCANO,HOLOCENE,U
SANTO TOMAS,LUZON-PHILIPPINES,16.33,120.55,2260,STRATOVOLCANO,UNCERTAIN,?
SANTO TOMAS,GUATEMALA,14.71,-91.479,3542,STRATOVOLCANOES,PLEISTOCENE-FUMAROLIC,Q
SANTORINI,GREECE,36.404,25.396,329,SHIELD VOLCANOES,HISTORICAL,D2
SAO TOME,AFRICA-W,0.32,6.72,2024,SHIELD VOLCANO,HOLOCENE?,?
SARIGAN,MARIANA IS-C PACIFIC,16.708,145.78,538,STRATOVOLCANO,HOLOCENE,U
SARIK-GAJAH,SUMATRA,0.08,100.2,0,PYROCLASTIC CONES,HOLOCENE?,?
SARYCHEV PEAK,KURIL IS,48.092,153.2,1496,STRATOVOLCANO,HISTORICAL,D1
SATAH MOUNTAIN,CANADA,52.47,-124.7,1921,VOLCANIC FIELD,HOLOCENE,U
SAVAI'I,SAMOA-SW PACIFIC,-13.612,-172.525,1858,SHIELD VOLCANO,HISTORICAL,D2
SAVO,SOLOMON IS-SW PACIFI,-9.13,159.82,510,STRATOVOLCANO,HISTORICAL,D3
SAWAD,ARABIA-S,13.58,46.12,1737,VOLCANIC FIELD,HISTORICAL,D6
SEAL NUNATAKS GROUP,ANTARCTICA,-65.03,-60.05,368,PYROCLASTIC CONES,HISTORICAL,D3
SEDANKINSKY,KAMCHATKA,57.23,160.08,1241,SHIELD VOLCANO,HOLOCENE,U
SEGERERUA PLATEAU,AFRICA-E,1.57,37.9,699,PYROCLASTIC CONES,HOLOCENE,U
SEGUAM,ALEUTIAN IS,52.32,-172.52,1054,STRATOVOLCANOES,HISTORICAL,D1
SEGULA,ALEUTIAN IS,52.02,178.13,1153,STRATOVOLCANO,HOLOCENE,U
SEKINCAU BELIRANG,SUMATRA,-5.12,104.32,1719,CALDERAS,FUMAROLIC,U
SEMERU,JAVA,-8.108,112.92,3676,STRATOVOLCANO,HISTORICAL,D1
SEMISOPOCHNOI,ALEUTIAN IS,51.95,179.62,1221,STRATOVOLCANO,HISTORICAL,D1
SEMPU,SULAWESI-INDONESIA,1.142,124.73,1549,CALDERA,FUMAROLIC,U
SERDAN-ORIENTAL,MEXICO,19.27,-97.47,3485,TUFF CONES,HOLOCENE,U
SERGIEF,ALEUTIAN IS,52.03,-174.93,560,STRATOVOLCANO,UNCERTAIN,?
SERUA,BANDA SEA,-6.3,130.0,641,STRATOVOLCANO,HISTORICAL,D2
SESSAGARA,NEW GUINEA,-9.48,149.13,370,UNKNOWN,HOLOCENE,U
SETE CIDADES,AZORES,37.87,-25.78,856,STRATOVOLCANO,HISTORICAL,D3
SEULAWAH AGAM,SUMATRA,5.448,95.658,1810,STRATOVOLCANO,HISTORICAL,D3
SEVERNY,KAMCHATKA,58.28,160.87,1936,SHIELD VOLCANO,HOLOCENE,U
SHALA,ETHIOPIA,7.47,38.55,2075,STRATOVOLCANO,HOLOCENE,U
SHARAT KOVAKAB,SYRIA,36.53,40.85,534,VOLCANIC FIELD,HOLOCENE,U
SHASTA,US-CALIFORNIA,41.42,-122.2,4317,STRATOVOLCANO,HISTORICAL,D4
SHIGA,HONSHU-JAPAN,36.7,138.52,2036,SHIELD VOLCANOES,HOLOCENE,U
SHIKARIBETSU GROUP,HOKKAIDO-JAPAN,43.28,143.08,1430,LAVA DOMES,HOLOCENE,U
SHIKOTSU,HOKKAIDO-JAPAN,42.7,141.33,1320,CALDERA,HISTORICAL,D1
SHIRETOKO-IWO-ZAN,HOKKAIDO-JAPAN,44.13,145.17,1563,STRATOVOLCANO,HISTORICAL,D2
SHIRIBETSU,HOKKAIDO-JAPAN,42.767,140.916,1107,STRATOVOLCANO,HOLOCENE,U
SHIRINKI,KURIL IS,50.2,154.98,761,STRATOVOLCANO,HOLOCENE,U
SHISHALDIN,ALEUTIAN IS,54.75,-163.97,2857,STRATOVOLCANO,HISTORICAL,D1
SHISHEL,KAMCHATKA,57.45,160.37,2525,SHIELD VOLCANO,HOLOCENE,U
SHIVELUCH,KAMCHATKA,56.653,161.36,3283,STRATOVOLCANO,HISTORICAL,D1
SHOSHONE LAVA FIELD,US-IDAHO,43.07,-114.43,1525,CINDER CONES,HOLOCENE?,?
SIBAYAK,SUMATRA,3.2,98.52,2212,STRATOVOLCANOES,HISTORICAL,D3
SIBUALBUALI,SUMATRA,1.556,99.255,1819,STRATOVOLCANO,HOLOCENE?,?
SILALI,AFRICA-E,1.15,36.23,1528,SHIELD VOLCANO,AR/AR,D7
SILAY,PHILIPPINES-C,10.77,123.23,1535,STRATOVOLCANO,HOLOCENE,U
SILVERTHRONE,CANADA,51.43,-126.3,3160,CALDERA,HOLOCENE,U
SIMBO,SOLOMON IS-SW PACIFI,-8.292,156.52,335,STRATOVOLCANOES,UNCERTAIN,?
SINABUNG,SUMATRA,3.17,98.392,2460,STRATOVOLCANO,HOLOCENE,U
SINARKA,KURIL IS,48.875,154.175,934,STRATOVOLCANO,HISTORICAL,D3
SINGU PLATEAU,SE ASIA,22.7,95.98,507,FISSURE VENTS,HOLOCENE,U
SINGUIL,EL SALVADOR,14.03,-89.7,957,CINDER CONES,HOLOCENE,U
SIPLE,ANTARCTICA,-73.43,-126.67,3110,SHIELD VOLCANO,HOLOCENE?,?
SIRUNG,LESSER SUNDA IS,-8.51,124.148,862,COMPLEX VOLCANO,HISTORICAL,D1
SLAMET,JAVA,-7.242,109.208,3432,STRATOVOLCANO,HISTORICAL,D1
SMIRNOV,KURIL IS,44.43,146.13,1189,STRATOVOLCANO,HOLOCENE,U
SMITH ROCK,IZU IS-JAPAN,31.32,140.05,136,SUBMARINE VOLCANO,HISTORICAL,D2
SNAEFELLSJOKULL,ICELAND-W,64.8,-23.78,1448,STRATOVOLCANO,RADIOCARBON,D6
SNEGOVOY,KAMCHATKA,58.2,160.97,2169,SHIELD VOLCANO,HOLOCENE,U
SNEZHNIY,KAMCHATKA,58.02,160.75,2169,SHIELD VOLCANO,HOLOCENE,U
SNOWY,ALASKA PENINSULA,58.33,-154.68,2161,STRATOVOLCANO,FUMAROLIC,U
SOCHE,ECUADOR,0.552,-77.58,3955,STRATOVOLCANO,RADIOCARBON,D7
SOCOMPA,CHILE-N,-24.4,-68.25,6051,STRATOVOLCANO,RADIOCARBON,D7
SOCORRO,MEXICO-IS,18.78,-110.95,1050,SHIELD VOLCANO,HISTORICAL,D1
SODORE,ETHIOPIA,8.43,39.35,1765,PYROCLASTIC CONES,HOLOCENE,U
SOLLIPULLI,CHILE-C,-38.97,-71.52,2282,CALDERA,RADIOCARBON,D6
SOPUTAN,SULAWESI-INDONESIA,1.108,124.725,1784,STRATOVOLCANO,HISTORICAL,D1
SORIKMARAPI,SUMATRA,0.686,99.539,2145,STRATOVOLCANO,HISTORICAL,D1
SORKALE,ETHIOPIA,13.18,41.725,1611,STRATOVOLCANO,HOLOCENE?,?
SOTARA,COLOMBIA,2.12,-76.58,4400,STRATOVOLCANO,HOLOCENE,U
SOUFRIERE GUADELOUPE,W INDIES,16.05,-61.67,1467,STRATOVOLCANO,HISTORICAL,D1
SOUFRIERE HILLS,W INDIES,16.72,-62.18,915,STRATOVOLCANO,HISTORICAL,D1
SOUFRIERE ST. VINCENT,W INDIES,13.33,-61.18,1220,STRATOVOLCANO,HISTORICAL,D1
SOUTH ISLAND,AFRICA-E,2.63,36.6,700,STRATOVOLCANO,HISTORICAL,D3
SOUTH SISTER,US-OREGON,44.1,-121.77,3157,COMPLEX VOLCANO,RADIOCARBON,D7
SOUTHERN SIKHOTE-ALIN,RUSSIA-SE,44.5,135.5,0,VOLCANIC FIELD,HOLOCENE,U
SPECTRUM RANGE,CANADA,57.43,-130.68,2430,SHIELD VOLCANO,HOLOCENE,U
SPURR,ALASKA-SW,61.3,-152.25,3374,STRATOVOLCANO,HISTORICAL,D1
SQUAW RIDGE FIELD,US-OREGON,43.472,-120.754,1711,VOLCANIC FIELD,HOLOCENE?,?
SREDNII,KURIL IS,47.6,152.92,36,SUBMARINE VOLCANO,HOLOCENE,U
ST. ANDREW STRAIT,ADMIRALTY IS-SW PACI,-2.38,147.35,270,COMPLEX VOLCANO,HISTORICAL,D2
ST. CATHERINE,W INDIES,12.15,-61.67,840,STRATOVOLCANO,HOLOCENE,U
ST. HELENS,US-WASHINGTON,46.2,-122.18,2549,STRATOVOLCANO,HISTORICAL,D1
ST. MICHAEL,ALASKA-W,63.45,-162.12,715,SHIELD VOLCANOES,ANTHROPOLOGY,U
ST. PAUL,INDIAN O-S,-38.72,77.53,268,STRATOVOLCANO,HISTORICAL,D4
ST. PAUL ISLAND,ALASKA-W,57.18,-170.3,203,CINDER CONES,HOLOCENE,U
STEAMBOAT SPRINGS,US-NEVADA,39.375,-119.72,1415,LAVA DOMES,PLEISTOCENE-FUMAROLIC,Q
STELLER,ALASKA PENINSULA,58.43,-154.4,2272,UNKNOWN,UNCERTAIN,?
STROMBOLI,ITALY,38.789,15.213,926,STRATOVOLCANO,HISTORICAL,D1
STURGE ISLAND,ANTARCTICA,-67.4,164.83,1167,STRATOVOLCANO,UNCERTAIN,?
SUCHITAN VOLC FIELD,GUATEMALA,14.4,-89.78,2042,STRATOVOLCANOES,HOLOCENE,U
SUKARIA CALDERA,LESSER SUNDA IS,-8.792,121.77,1500,CALDERA,FUMAROLIC,U
SUMACO,ECUADOR,-0.538,-77.626,3990,STRATOVOLCANO,HISTORICAL,D3
SUMBING,JAVA,-7.38,110.058,3371,STRATOVOLCANO,HISTORICAL,D4
SUMBING,SUMATRA,-2.414,101.728,2507,STRATOVOLCANO,HISTORICAL,D2
SUMIYOSHI-IKE,KYUSHU-JAPAN,31.768,130.594,100,MAARS,RADIOCARBON,D7
SUNDORO,JAVA,-7.3,109.992,3136,STRATOVOLCANO,HISTORICAL,D1
SUNSET CRATER,US-ARIZONA,35.37,-111.5,2447,CINDER CONE,DENDROCHRONOLOGY,D6
SUOH,SUMATRA,-5.25,104.27,1000,MAARS,HISTORICAL,D2
SUPHAN DAGI,TURKEY,38.92,42.82,4434,STRATOVOLCANO,HOLOCENE,U
SUPPLY REEF,MARIANA IS-C PACIFIC,20.13,145.1,-8,SUBMARINE VOLCANO,HYDROPHONIC,D1
SURETAMATAI,VANUATU-SW PACIFIC,-13.8,167.47,921,COMPLEX VOLCANO,HISTORICAL,D1
SUSWA,AFRICA-E,-1.175,36.35,2356,SHIELD VOLCANO,HOLOCENE,U
SUWANOSE-JIMA,RYUKYU IS,29.53,129.72,799,STRATOVOLCANO,HISTORICAL,D1
TA'U,SAMOA-SW PACIFIC,-14.23,-169.454,931,SHIELD VOLCANO,HOLOCENE,U
TAAL,LUZON-PHILIPPINES,14.002,120.993,400,STRATOVOLCANO,HISTORICAL,D1
TABLE TOP-WIDE BAY,ALEUTIAN IS,53.98,-166.67,800,CINDER CONES,HOLOCENE,U
TABURETE,EL SALVADOR,13.435,-88.532,1172,STRATOVOLCANO,HOLOCENE,U
TACANA,MEXICO,15.13,-92.112,4110,STRATOVOLCANO,HISTORICAL,D1
TACORA,CHILE-N,-17.72,-69.77,5980,STRATOVOLCANO,FUMAROLIC,U
TAFTAN,IRAN,28.6,61.6,4050,STRATOVOLCANO,HOLOCENE,U
TAIR,RED SEA,15.7,41.742,244,STRATOVOLCANO,HISTORICAL,D3
TAJUMULCO,GUATEMALA,15.034,-91.903,4220,STRATOVOLCANO,HOLOCENE,U
TAKAHARA,HONSHU-JAPAN,36.9,139.78,1795,STRATOVOLCANO,HOLOCENE,D7
TAKAHE,ANTARCTICA,-76.28,-112.08,3460,SHIELD VOLCANO,ICE CORE,D7
TAKAWANGHA,ALEUTIAN IS,51.87,-178.02,1449,STRATOVOLCANO,HOLOCENE,U
TAKUAN GROUP,BOUGAINVILLE-SW PACI,-6.442,155.608,2210,VOLCANIC COMPLEX,HOLOCENE,U
TALAGABODAS,JAVA,-7.208,108.07,2201,STRATOVOLCANO,FUMAROLIC,U
TALAKMAU,SUMATRA,0.079,99.98,2919,COMPLEX VOLCANO,HOLOCENE,U
TALANG,SUMATRA,-0.978,100.679,2597,STRATOVOLCANO,HISTORICAL,D1
TAMBORA,LESSER SUNDA IS,-8.25,118.0,2850,STRATOVOLCANO,HISTORICAL,D1
TAMPOMAS,JAVA,-6.77,107.95,1684,STRATOVOLCANO,HOLOCENE,U
TANAGA,ALEUTIAN IS,51.88,-178.13,1806,STRATOVOLCANOES,HISTORICAL,D2
TANDIKAT,SUMATRA,-0.433,100.317,2438,STRATOVOLCANOES,HISTORICAL,D2
TANGKUBANPARAHU,JAVA,-6.77,107.6,2084,STRATOVOLCANO,HISTORICAL,D1
TAO-RUSYR CALDERA,KURIL IS,49.35,154.7,1325,STRATOVOLCANO,HISTORICAL,D2
TARA,LESSER SUNDA IS,-7.792,123.579,748,STRATOVOLCANO,HISTORICAL,D3
TARAKAN,HALMAHERA-INDONESIA,1.78,127.792,318,PYROCLASTIC CONES,HOLOCENE,U
TARYATU-CHULUTU,MONGOLIA,48.17,99.7,2400,VOLCANIC FIELD,HOLOCENE,U
TAT ALI,ETHIOPIA,13.28,41.07,700,SHIELD VOLCANO,HOLOCENE,U
TATA SABAYA,BOLIVIA,-19.13,-68.53,5430,STRATOVOLCANO,HOLOCENE,U
TATE-YAMA,HONSHU-JAPAN,36.57,137.6,2621,STRATOVOLCANO,HISTORICAL,D3
TATESHINA,HONSHU-JAPAN,36.1,138.3,2530,STRATOVOLCANOES,HOLOCENE,U
TATIO,CHILE-N,-22.35,-68.03,4280,HYDROTHERMAL FIELD,PLEISTOCENE-GEYSERS,Q
TATUN GROUP,TAIWAN,25.17,121.52,1120,STRATOVOLCANO,PLEISTOCENE-FUMAROLIC,Q
TAUNSHITS,KAMCHATKA,54.53,159.8,2353,STRATOVOLCANO,RADIOCARBON,D7
TAUPO,NEW ZEALAND,-38.82,176.0,760,CALDERA,RADIOCARBON,D6
TAVEUNI,FIJI IS-SW PACIFIC,-16.82,-179.97,1241,SHIELD VOLCANO,RADIOCARBON,D7
TEAHITIA,SOCIETY IS-C PACIFIC,-17.57,-148.85,-1600,SUBMARINE VOLCANO,SEISMICITY,U
TECAPA,EL SALVADOR,13.494,-88.502,1593,STRATOVOLCANO,HOLOCENE,U
TECUAMBURRO,GUATEMALA,14.156,-90.407,1845,STRATOVOLCANO,RADIOCARBON,D7
TELICA,NICARAGUA,12.602,-86.845,1061,STRATOVOLCANOES,HISTORICAL,D1
TELOMOYO,JAVA,-7.37,110.4,1894,STRATOVOLCANO,HOLOCENE,U
TENDURUK DAGI,TURKEY,39.33,43.83,3584,SHIELD VOLCANO,HOLOCENE,U
TENERIFE,CANARY IS,28.271,-16.641,3715,STRATOVOLCANO,HISTORICAL,D2
TENGCHONG,CHINA-S,25.32,98.47,2865,PYROCLASTIC CONES,HISTORICAL,D5
TENGGER CALDERA,JAVA,-7.942,112.95,2329,STRATOVOLCANOES,HISTORICAL,D1
TENORIO,COSTA RICA,10.673,-85.015,1916,STRATOVOLCANOES,HOLOCENE,U
TEON,BANDA SEA,-6.92,129.125,655,STRATOVOLCANO,HISTORICAL,D2
TEPI,ETHIOPIA,7.42,35.43,2728,SHIELD VOLCANO,HOLOCENE,U
TERCEIRA,AZORES,38.73,-27.32,1023,STRATOVOLCANOES,HISTORICAL,D1
THEISTAREYKJARBUNGA,ICELAND,65.88,-16.83,564,SHIELD VOLCANO,TEPHROCHRONOLOGY,D7
THOMPSON ISLAND,ATLANTIC-S,-53.93,5.5,0,SUBMARINE VOLCANO ?,UNCERTAIN,?
THULE ISLANDS,ANTARCTICA,-59.45,-27.37,1075,STRATOVOLCANOES,HISTORICAL,D1
TIANSHAN VOLC GROUP,CHINA-W,42.5,82.5,0,VOLCANIC FIELD,HISTORICAL,D6
TIATIA,KURIL IS,44.358,146.27,1819,STRATOVOLCANO,HISTORICAL,D1
TICSANI,PERU,-16.755,-70.595,5408,STRATOVOLCANO,HOLOCENE,U
TIDORE,HALMAHERA-INDONESIA,0.65,127.4,1730,STRATOVOLCANO,HOLOCENE,U
TIGALALU,HALMAHERA-INDONESIA,0.07,127.42,422,UNKNOWN,HOLOCENE,U
TIGRE,HONDURAS,13.27,-87.63,760,STRATOVOLCANO,HOLOCENE,U
TIHO,DJIBOUTI,11.53,42.05,500,FUMAROLE FIELD,PLEISTOCENE-FUMAROLIC,Q
TILARAN,COSTA RICA,10.451,-84.978,634,SHIELD VOLCANO,HOLOCENE?,?
TINAKULA,SANTA CRUZ IS-SW PAC,-10.38,165.8,851,STRATOVOLCANO,HISTORICAL,D1
TINDFJALLAJOKULL,ICELAND-S,63.78,-19.57,1463,STRATOVOLCANO,HOLOCENE,U
TINGUIRIRICA,CHILE-C,-34.814,-70.352,4280,STRATOVOLCANO,HISTORICAL,D2
TIPAS,ARGENTINA,-27.2,-68.55,6660,COMPLEX VOLCANO,HOLOCENE,U
TITILA,KAMCHATKA,57.4,160.1,1559,SHIELD VOLCANOES,HOLOCENE,U
TJORNES FRACTURE ZONE,ICELAND-N OF,66.3,-17.1,0,SUBMARINE VOLCANO,HISTORICAL,D3
TLEVAK STRAIT-SUEMEZ IS.,ALASKA-SE,55.25,-133.3,50,VOLCANIC FIELD,HOLOCENE,U
TO-SHIMA,IZU IS-JAPAN,34.52,139.28,508,STRATOVOLCANO,HOLOCENE?,?
TOBA,SUMATRA,2.58,98.83,2157,CALDERA,HOLOCENE,U
TOBARU,HALMAHERA-INDONESIA,1.625,127.675,1035,UNKNOWN,HOLOCENE,U
TOCONCE,CHILE-N,-22.2,-68.1,5435,STRATOVOLCANO,HOLOCENE,U
TOCORPURI,CHILE-N,-22.43,-67.9,5808,STRATOVOLCANO,HOLOCENE,U
TODOKO-RANU,HALMAHERA-INDONESIA,1.22,127.43,979,CALDERAS,HOLOCENE,U
TOFUA,TONGA-SW PACIFIC,-19.75,-175.07,512,CALDERA,HISTORICAL,D2
TOH,AFRICA-N,21.33,16.33,2000,VOLCANIC FIELD,HOLOCENE,U
TOKACHI,HOKKAIDO-JAPAN,43.42,142.68,2077,STRATOVOLCANOES,HISTORICAL,D1
TOLBACHIK,KAMCHATKA,55.83,160.33,3682,SHIELD VOLCANO,HISTORICAL,D1
TOLGUACA,CHILE-C,-38.31,-71.645,2806,STRATOVOLCANO,HOLOCENE,U
TOLIMA,COLOMBIA,4.67,-75.33,5200,STRATOVOLCANO,HISTORICAL,D2
TOLIMAN,GUATEMALA,14.612,-91.189,3158,STRATOVOLCANO,HOLOCENE,U
TOLMACHEV DOL,KAMCHATKA,52.63,157.58,1021,CINDER CONES,HOLOCENE,U
TOLUCA,MEXICO,19.108,-99.758,4690,STRATOVOLCANO,RADIOCARBON,D7
TONDANO CALDERA,SULAWESI-INDONESIA,1.23,124.83,1202,CALDERA,FUMAROLIC,U
TONEY MOUNTAIN,ANTARCTICA,-75.8,-115.83,3595,SHIELD VOLCANO,HOLOCENE?,?
TONGARIRO,NEW ZEALAND,-39.13,175.642,1978,STRATOVOLCANOES,HISTORICAL,D1
TONGKOKO,SULAWESI-INDONESIA,1.52,125.2,1149,STRATOVOLCANO,HISTORICAL,D3
TORE,BOUGAINVILLE-SW PACI,-5.83,154.93,2200,LAVA CONE,HOLOCENE,U
TORFAJOKULL,ICELAND-S,63.92,-19.17,1259,STRATOVOLCANO,HISTORICAL,D6
TORI-SHIMA,IZU IS-JAPAN,30.48,140.32,403,STRATOVOLCANO,HISTORICAL,D1
TOROENG PRONG,SE ASIA,14.93,108.0,800,CINDER CONE,HOLOCENE?,?
TORTUGA,MEXICO,27.392,-111.858,210,SHIELD VOLCANO,HOLOCENE,U
TOSA SUCHA,ETHIOPIA,5.92,37.57,1650,CINDER CONES,HOLOCENE,U
TOUSSIDE,AFRICA-N,21.03,16.45,3265,STRATOVOLCANO,HOLOCENE,U
TOWADA,HONSHU-JAPAN,40.47,140.92,1159,CALDERA,HISTORICAL,D6
TRAITOR'S HEAD,VANUATU-SW PACIFIC,-18.75,169.23,837,STRATOVOLCANO,HISTORICAL,D3
TRES VIRGENES,MEXICO,27.47,-112.591,1940,STRATOVOLCANOES,RADIOCARBON,D7
TRI SESTRY,KURIL IS,45.93,149.92,998,STRATOVOLCANO,HOLOCENE?,?
TRIDENT,ALASKA PENINSULA,58.23,-155.08,1864,STRATOVOLCANO,HISTORICAL,D1
TRINDADE,ATLANTIC-S,-20.514,-29.331,600,STRATOVOLCANO,HOLOCENE,U
TRISTAN DA CUNHA,ATLANTIC-S,-37.092,-12.28,2060,STRATOVOLCANO,HISTORICAL,D2
TROMEN,ARGENTINA,-37.142,-70.03,3978,STRATOVOLCANO,HOLOCENE,U
TSEAX RIVER CONE,CANADA,55.12,-128.9,609,PYROCLASTIC CONE,RADIOCARBON,D4
TSHIBINDA,AFRICA-C,-2.32,28.75,1460,CINDER CONES,HOLOCENE,U
TSURUMI,KYUSHU-JAPAN,33.28,131.43,1584,LAVA DOMES,HISTORICAL,D6
TUJLE,CHILE-N,-23.83,-67.95,3550,MAAR,HOLOCENE,U
TULABUG,ECUADOR,-1.78,-78.613,3336,SCORIA CONES,HOLOCENE,U
TULLU MOJE,ETHIOPIA,8.158,39.13,2349,PUMICE CONE,ANTHROPOLOGY,D2
TUMBLE BUTTES,US-CALIFORNIA,40.68,-121.55,2191,CINDER CONES,HOLOCENE?,?
TUNDROVIY,KAMCHATKA,52.25,157.6,739,SHIELD VOLCANOES,HOLOCENE,U
TUNGNAFELLSJOKULL,ICELAND-NE,64.73,-17.92,1535,STRATOVOLCANO,HOLOCENE,U
TUNGURAHUA,ECUADOR,-1.467,-78.442,5023,STRATOVOLCANO,HISTORICAL,D1
TUNKIN DEPRESSION,RUSSIA-SE,51.5,102.5,1200,VOLCANIC FIELD,HOLOCENE,U
TUPUNGATITO,CHILE-C,-33.4,-69.8,6000,STRATOVOLCANO,HISTORICAL,D1
TURFAN,CHINA-W,42.9,89.25,0,CONE,HISTORICAL,D6
TURRIALBA,COSTA RICA,10.03,-83.77,3340,STRATOVOLCANO,HISTORICAL,D3
TUTUILA,SAMOA-SW PACIFIC,-14.295,-170.7,653,TUFF CONES,HOLOCENE,U
TUTUPACA,PERU,-17.025,-70.358,5815,STRATOVOLCANO,HISTORICAL,D2
TUZGLE,ARGENTINA,-24.05,-66.48,5550,STRATOVOLCANO,HOLOCENE?,?
TUZOVSKY,KAMCHATKA,57.32,159.97,1533,SHIELD VOLCANOES,HOLOCENE,U
TWIN BUTTES,US-CALIFORNIA,40.78,-121.6,1631,CINDER CONES,HOLOCENE?,?
UBEHEBE CRATERS,US-CALIFORNIA,37.02,-117.45,752,MAARS,HOLOCENE,U
UBINAS,PERU,-16.355,-70.903,5672,STRATOVOLCANO,HISTORICAL,D1
UDINA,KAMCHATKA,55.755,160.527,2923,STRATOVOLCANOES,HOLOCENE,U
UDOKAN VOLC FIELD,RUSSIA-SE,56.18,117.47,1980,SHIELD VOLCANOES,RADIOCARBON,D7
UGASHIK-PEULIK,ALASKA PENINSULA,57.75,-156.37,1474,STRATOVOLCANO,HISTORICAL,D3
UINKARET FIELD,US-ARIZONA,36.38,-113.13,1555,VOLCANIC FIELD,HOLOCENE,U
UKA,KAMCHATKA,57.7,160.58,1643,SHIELD VOLCANO,HOLOCENE,U
UKINREK MAARS,ALASKA PENINSULA,57.83,-156.52,91,MAARS,HISTORICAL,D1
UKSICHAN,KAMCHATKA,56.08,158.38,1692,SHIELD VOLCANO,HOLOCENE,U
ULAWUN,NEW BRITAIN-SW PAC,-5.05,151.33,2334,STRATOVOLCANO,HISTORICAL,D1
ULIAGA,ALEUTIAN IS,53.07,-169.77,888,STRATOVOLCANO,HOLOCENE?,?
ULREUNG,KOREA,37.5,130.87,984,STRATOVOLCANO,RADIOCARBON,D7
ULUG-ARGINSKY,RUSSIA-SE,52.33,98.0,1800,CINDER CONE,HOLOCENE,U
UMBOI,NEW GUINEA-NE OF,-5.589,147.875,1548,COMPLEX VOLCANO,HOLOCENE,U
UMM ARAFIEB,AFRICA-N,18.17,33.83,0,SHIELD VOLCANO,HOLOCENE?,?
UNGARAN,JAVA,-7.18,110.33,2050,STRATOVOLCANO,HOLOCENE,U
UNZEN,KYUSHU-JAPAN,32.75,130.3,1500,COMPLEX VOLCANO,HISTORICAL,D1
UPOLU,SAMOA-SW PACIFIC,-13.935,-171.72,1100,SHIELD VOLCANO,HOLOCENE,U
URATAMAN,KURIL IS,47.12,152.23,678,SOMMA VOLCANO,HOLOCENE,U
USHISHUR,KURIL IS,47.52,152.8,401,CALDERA,HISTORICAL,D3
USHKOVSKY,KAMCHATKA,56.105,160.47,3943,COMPOUND VOLCANO,HISTORICAL,D3
USU,HOKKAIDO-JAPAN,42.53,140.83,731,STRATOVOLCANO,HISTORICAL,D1
USULUTAN,EL SALVADOR,13.419,-88.471,1449,STRATOVOLCANO,HOLOCENE,U
UTILA ISLAND,HONDURAS,16.1,-86.9,90,PYROCLASTIC CONES,HOLOCENE,U
UTURUNCU,BOLIVIA,-22.27,-67.22,6008,STRATOVOLCANO,HOLOCENE,U
UZON,KAMCHATKA,54.5,159.97,1617,CALDERAS,RADIOCARBON,D7
VAKAK GROUP,AFGHANISTAN,34.25,67.97,3190,VOLCANIC FIELD,HOLOCENE,U
VALLES CALDERA,US-NEW MEXICO,35.87,-106.57,3430,CALDERA,PLEISTOCENE-FUMAROLIC,Q
VATNAFJOLL,ICELAND-S,63.92,-19.67,1235,FISSURE VENTS,TEPHROCHRONOLOGY,D6
VEER,KAMCHATKA,53.63,158.42,350,CINDER CONES,TEPHROCHRONOLOGY,D6
VENIAMINOF,ALASKA PENINSULA,56.17,-159.38,2507,STRATOVOLCANO,HISTORICAL,D1
VERKHOVOY,KAMCHATKA,56.52,159.53,1400,SHIELD VOLCANO,HOLOCENE,U
VERNADSKII RIDGE,KURIL IS,50.55,155.97,1183,CINDER CONES,HOLOCENE,U
VESTMANNAEYJAR,ICELAND-S,63.43,-20.28,279,SUBMARINE VOLCANO,HISTORICAL,D1
VESUVIUS,ITALY,40.821,14.426,1281,COMPLEX VOLCANO,HISTORICAL,D2
VETERAN,SE ASIA,9.83,109.05,0,SUBMARINE VOLCANO,FUMAROLIC,U
VICTORY,NEW GUINEA,-9.2,149.07,1925,STRATOVOLCANO,HISTORICAL,D2
VIEDMA,ARGENTINA,-49.358,-73.28,1300,SUBGLACIAL VOLCANO,HISTORICAL,D1
VILLARRICA,CHILE-C,-39.42,-71.93,2847,STRATOVOLCANO,HISTORICAL,D1
VILYUCHIK,KAMCHATKA,52.68,158.3,2173,STRATOVOLCANO,TEPHROCHRONOLOGY,D7
VISOKE,AFRICA-C,-1.47,29.492,3711,STRATOVOLCANO,HISTORICAL,D2
VISOKIY,KAMCHATKA,52.43,157.93,1234,STRATOVOLCANO,HOLOCENE,U
VOLCANICO,ARGENTINA,-42.07,-71.65,0,CINDER CONE,HOLOCENE,U
VOON,AFRICA-N,20.92,17.28,3100,STRATOVOLCANO,FUMAROLIC,U
VOYAMPOLSKY,KAMCHATKA,58.37,160.62,1225,SHIELD VOLCANOES,HOLOCENE,U
VSEVIDOF,ALEUTIAN IS,53.13,-168.68,2149,STRATOVOLCANO,HISTORICAL,D3
VULCANO,ITALY,38.404,14.962,500,STRATOVOLCANOES,HISTORICAL,D3
VULSINI,ITALY,42.6,11.93,800,CALDERA,HISTORICAL,D7
WAESCHE,ANTARCTICA,-77.17,-126.88,3292,SHIELD VOLCANOES,HOLOCENE?,?
WAIOWA,NEW GUINEA,-9.57,149.075,640,PYROCLASTIC CONE,HISTORICAL,D2
WALLIS ISLANDS,SW PACIFIC,-13.3,-176.17,143,SHIELD VOLCANOES,HOLOCENE,U
WALO,NEW BRITAIN-SW PAC,-5.53,150.9,15,HYDROTHERMAL FIELD,HOT SPRINGS,?
WAPI LAVA FIELD,US-IDAHO,42.88,-113.22,1604,SHIELD VOLCANO,RADIOCARBON,D7
WASHIBA-KUMONOTAIRA,HONSHU-JAPAN,36.4,137.5,2924,SHIELD VOLCANOES,TEPHROCHRONOLOGY,D7
WASHINGTON,US-OREGON,44.332,-121.837,2376,SHIELD VOLCANO,RADIOCARBON,D6
WAYANG-WINDU,JAVA,-7.208,107.63,2182,LAVA DOME,FUMAROLIC,U
WELLS GRAY-CLEARWATER,CANADA,52.33,-120.57,2015,CINDER CONES,DENDROCHRONOLOGY,D5
WEST CRATER,US-WASHINGTON,45.88,-122.08,1329,VOLCANIC FIELD,RADIOCARBON,D7
WEST EIFEL VOLC FIELD,GERMANY,50.17,6.85,600,MAARS,RADIOCARBON,D7
WESTDAHL,ALEUTIAN IS,54.52,-164.65,1654,STRATOVOLCANO,HISTORICAL,D1
WHALE ISLAND,NEW ZEALAND,-37.858,176.98,348,COMPLEX VOLCANO,PLEISTOCENE-FUMAROLIC,Q
WHANGAREI,NEW ZEALAND,-35.75,174.27,397,CINDER CONES,HOLOCENE?,?
WHITE ISLAND,NEW ZEALAND,-37.52,177.18,321,STRATOVOLCANOES,HISTORICAL,D1
WILIS,JAVA,-7.808,111.758,2563,STRATOVOLCANO,HOLOCENE,U
WOLF,GALAPAGOS,0.02,-91.35,1710,SHIELD VOLCANO,HISTORICAL,D1
WRANGELL,ALASKA-E,62.0,-144.02,4317,SHIELD VOLCANO,HISTORICAL,D2
WUDALIANCHI,CHINA-E,48.72,126.12,597,VOLCANIC FIELD,HISTORICAL,D4
WURLALI,BANDA SEA,-7.125,128.675,868,STRATOVOLCANO,HISTORICAL,D3
XIANJINDAO,KOREA,41.33,128.0,0,UNKNOWN,HISTORICAL,D5
YAKE-DAKE,HONSHU-JAPAN,36.22,137.58,2455,STRATOVOLCANO,HISTORICAL,D1
YALI,GREECE,36.63,27.1,176,LAVA DOMES,HOLOCENE,U
YANGUDI,ETHIOPIA,10.58,41.042,1383,COMPLEX VOLCANO,HOLOCENE,U
YANTARNI,ALASKA PENINSULA,57.02,-157.18,1336,STRATOVOLCANO,TEPHROCHRONOLOGY,D7
YANTELES,CHILE-S,-43.42,-72.83,2050,STRATOVOLCANO,HISTORICAL,D3
YAR,ARABIA-W,17.05,42.83,305,VOLCANIC FIELD,HISTORICAL,D3
YASUR,VANUATU-SW PACIFIC,-19.52,169.425,361,STRATOVOLCANO,HISTORICAL,D1
YATE,CHILE-S,-41.755,-72.396,2187,STRATOVOLCANO,HOLOCENE,U
YEGUADA,PANAMA,8.523,-80.91,1297,STRATOVOLCANO,RADIOCARBON,D5
YELIA,NEW GUINEA,-7.05,145.858,3384,STRATOVOLCANO,HOLOCENE?,?
YELLOWSTONE,US-WYOMING,44.43,-110.67,2805,CALDERAS,TEPHROCHRONOLOGY,D7
YERSEY,LESSER SUNDA IS,-7.53,123.95,-3800,SUBMARINE VOLCANO ?,UNCERTAIN,?
YOJOA,HONDURAS,14.98,-87.98,1090,VOLCANIC FIELD,HOLOCENE,U
YOMBA,NEW GUINEA-NE OF,-4.92,146.75,0,UNKNOWN,UNCERTAIN,?
YOTEI,HOKKAIDO-JAPAN,42.83,140.82,1893,STRATOVOLCANO,RADIOCARBON,D7
YOUNG ISLAND,ANTARCTICA,-66.42,162.45,1340,STRATOVOLCANO,FUMAROLIC,U
YUCAMANE,PERU,-17.18,-70.2,5550,STRATOVOLCANO,HISTORICAL,D4
YUMIA,BOLIVIA,-21.5,-67.5,4050,CONE,HOLOCENE?,?
YUNASKA,ALEUTIAN IS,52.63,-170.63,550,SHIELD VOLCANO,HISTORICAL,D2
ZACATE GRANDE,HONDURAS,13.33,-87.63,600,STRATOVOLCANO,HOLOCENE,U
ZAO,HONSHU-JAPAN,38.15,140.45,1841,COMPLEX VOLCANO,HISTORICAL,D2
ZAOZERNY,KAMCHATKA,56.88,159.95,1349,SHIELD VOLCANOES,HOLOCENE,U
ZAPATERA,NICARAGUA,11.73,-85.82,629,SHIELD VOLCANO,HOLOCENE,U
ZARECHNY,KAMCHATKA,56.38,160.83,760,SOMMA VOLCANO,HOLOCENE,U
ZAVARITSKY,KAMCHATKA,53.905,158.385,1567,STRATOVOLCANO,RADIOCARBON,D7
ZAVARITZKI CALDERA,KURIL IS,46.925,151.95,624,CALDERA,HISTORICAL,D2
ZAVODOVSKI,ANTARCTICA,-56.3,-27.57,551,STRATOVOLCANO,HISTORICAL,D3
ZENGYU,TAIWAN-N OF,26.18,122.458,-418,SUBMARINE VOLCANO,HISTORICAL,D2
ZHELTOVSKY,KAMCHATKA,51.57,157.323,1953,STRATOVOLCANO,HISTORICAL,D1
ZHUPANOVSKY,KAMCHATKA,53.59,159.147,2958,COMPOUND VOLCANO,HISTORICAL,D2
ZIMINA,KAMCHATKA,55.862,160.603,3081,STRATOVOLCANOES,HOLOCENE,U
ZUBAIR,RED SEA,15.05,42.18,191,SHIELD VOLCANO,HISTORICAL,D3
ZUKUR,RED SEA,14.02,42.75,624,SHIELD VOLCANO,HOLOCENE,U
ZUNI-BANDERA,US-NEW MEXICO,34.8,-108.0,2550,VOLCANIC FIELD,ANTHROPOLOGY,D7
